chain,residue,position
uL4-0,R,87
uL22-0,R,149
uL22-1,A,150
uL22-2,G,152
uL22-3,R,153
RNA-0,a,649
RNA-1,g,652
RNA-2,g,657
RNA-3,g,658
RNA-4,a,659
RNA-5,a,660
RNA-6,a,661
RNA-7,g,671
RNA-8,c,699
RNA-9,a,1964
RNA-10,a,2002
RNA-11,u,2003
RNA-12,c,2004
RNA-13,g,2770
RNA-14,a,2838
RNA-15,g,2853
RNA-16,a,4637
RNA-17,g,4639
RNA-18,a,4640
RNA-19,c,4641
RNA-20,a,5191
RNA-21,g,5257
RNA-22,u,5258
RNA-23,g,5333
RNA-24,g,5334
RNA-25,g,5335
RNA-26,u,5336
RNA-27,u,5337
RNA-28,a,5339
RNA-29,g,5360
