rcsb_id,uL4-0-x,uL4-0-y,uL4-0-z,uL4-1-x,uL4-1-y,uL4-1-z,uL22-0-x,uL22-0-y,uL22-0-z,uL22-1-x,uL22-1-y,uL22-1-z,uL22-2-x,uL22-2-y,uL22-2-z,eL39-0-x,eL39-0-y,eL39-0-z,eL39-1-x,eL39-1-y,eL39-1-z,eL39-2-x,eL39-2-y,eL39-2-z,23S-0-x,23S-0-y,23S-0-z,23S-1-x,23S-1-y,23S-1-z,23S-2-x,23S-2-y,23S-2-z,23S-3-x,23S-3-y,23S-3-z,23S-4-x,23S-4-y,23S-4-z,23S-5-x,23S-5-y,23S-5-z,23S-6-x,23S-6-y,23S-6-z,23S-7-x,23S-7-y,23S-7-z,23S-8-x,23S-8-y,23S-8-z,23S-9-x,23S-9-y,23S-9-z,23S-10-x,23S-10-y,23S-10-z,23S-11-x,23S-11-y,23S-11-z,23S-12-x,23S-12-y,23S-12-z,23S-13-x,23S-13-y,23S-13-z,23S-14-x,23S-14-y,23S-14-z,23S-15-x,23S-15-y,23S-15-z,23S-16-x,23S-16-y,23S-16-z,23S-17-x,23S-17-y,23S-17-z,23S-18-x,23S-18-y,23S-18-z,23S-19-x,23S-19-y,23S-19-z,23S-20-x,23S-20-y,23S-20-z,23S-21-x,23S-21-y,23S-21-z,23S-22-x,23S-22-y,23S-22-z,23S-23-x,23S-23-y,23S-23-z,23S-24-x,23S-24-y,23S-24-z,23S-25-x,23S-25-y,23S-25-z,23S-26-x,23S-26-y,23S-26-z,23S-27-x,23S-27-y,23S-27-z,23S-28-x,23S-28-y,23S-28-z,23S-29-x,23S-29-y,23S-29-z,23S-30-x,23S-30-y,23S-30-z,23S-31-x,23S-31-y,23S-31-z,23S-32-x,23S-32-y,23S-32-z,23S-33-x,23S-33-y,23S-33-z,23S-34-x,23S-34-y,23S-34-z,23S-35-x,23S-35-y,23S-35-z,23S-36-x,23S-36-y,23S-36-z,23S-37-x,23S-37-y,23S-37-z,23S-38-x,23S-38-y,23S-38-z
1KC8,61,126,76,54,126,76,62,147,83,62,145,78,58,144,81,45,165,50,52,158,59,59,156,68,31,147,75,32,144,72,33,142,68,55,147,58,51,141,60,46,142,60,35,173,63,29,168,71,30,157,60,36,151,61,29,151,60,58,144,89,74,144,84,72,142,74,42,137,72,47,175,67,46,172,70,44,165,69,51,170,60,63,149,74,62,154,75,79,136,90,60,129,88,58,122,83,64,120,91,69,122,90,71,117,92,72,120,80,68,113,100,67,116,104,65,128,101,69,125,104,72,125,109,79,123,103,78,121,99,80,126,93,83,128,89,83,132,96,60,140,96
3CC4,60,125,76,54,126,76,62,146,83,62,144,78,57,144,81,45,164,50,52,158,59,59,155,68,30,146,74,32,143,72,32,141,68,54,147,58,51,140,60,46,141,60,35,172,63,29,167,70,29,157,59,36,150,61,29,151,60,58,144,89,74,143,83,72,141,74,42,137,71,47,174,67,46,171,70,44,165,68,51,170,60,63,149,73,62,154,75,79,135,90,60,128,88,57,121,82,64,119,90,69,122,89,70,116,91,72,119,80,68,113,99,67,115,103,64,127,100,69,124,104,72,124,108,,,,,,,78,121,99,82,127,89,83,132,96,59,139,95
1YJN,61,126,76,54,126,76,62,147,83,62,145,78,57,144,81,45,165,50,52,158,58,59,156,68,30,147,74,32,144,72,32,142,68,54,147,58,51,140,60,46,142,60,35,172,63,29,167,71,29,157,60,36,151,61,29,151,60,58,144,89,74,144,83,72,141,74,42,137,71,47,175,67,46,171,70,44,165,69,51,170,60,63,149,74,62,154,75,79,136,90,60,129,88,57,122,83,64,120,90,69,121,89,70,117,92,72,120,80,68,113,100,67,116,103,65,128,100,69,125,104,72,124,108,,,,,,,78,121,99,82,127,89,83,132,96,60,140,95
3CCS,60,125,76,53,126,76,62,146,83,62,145,78,57,144,81,45,164,50,51,158,59,59,156,68,30,146,74,32,143,72,32,141,68,54,147,58,51,140,60,46,141,60,35,172,63,29,167,71,29,157,60,36,150,61,29,151,60,58,144,89,74,143,83,72,141,74,42,137,72,47,174,67,46,171,70,44,165,69,50,170,60,63,149,74,62,154,75,79,135,90,60,128,88,57,121,83,64,120,91,69,121,90,70,117,92,72,119,80,68,113,100,67,115,104,65,128,101,69,125,104,72,124,109,,,,,,,78,121,99,82,127,89,83,132,96,60,139,96
3CC2,60,125,76,54,126,76,62,146,83,62,144,78,57,144,81,45,164,50,51,158,58,59,156,68,30,146,74,32,143,72,32,141,68,54,147,58,51,140,60,46,141,60,35,172,63,29,167,71,29,157,59,36,150,61,29,151,60,58,144,89,74,143,83,72,141,74,42,137,71,47,174,67,46,171,70,43,165,69,50,170,60,63,149,73,62,154,75,79,135,90,60,128,88,57,121,83,64,119,90,69,122,88,70,116,92,72,119,80,68,112,100,67,115,103,64,127,100,69,124,104,72,124,108,,,,,,,78,120,99,82,127,89,82,132,96,59,139,95
3CCR,60,125,76,54,126,76,62,146,83,62,145,78,57,144,81,45,164,50,52,158,59,59,156,68,30,147,74,32,144,72,32,142,68,54,147,58,51,140,60,46,142,60,34,172,63,29,167,71,30,157,60,36,150,61,29,151,60,58,144,89,74,144,83,72,141,74,42,137,72,47,174,67,46,171,70,44,165,69,51,170,60,63,149,74,62,154,75,79,136,90,60,128,88,57,121,83,64,120,90,69,121,90,70,117,92,72,119,80,68,113,100,67,116,104,65,128,100,69,125,104,72,124,108,,,,,,,78,121,99,82,127,89,83,132,96,60,140,96
3CCE,60,125,76,53,126,76,62,146,83,62,144,78,57,144,81,45,164,50,51,158,59,59,156,68,30,146,74,32,143,72,32,141,68,54,147,58,51,140,60,46,141,60,35,172,63,29,167,71,29,157,60,36,150,61,29,151,60,58,144,89,74,143,83,72,141,74,42,137,71,47,174,67,46,171,70,44,165,69,51,169,60,63,148,73,62,153,75,79,135,90,60,128,88,57,121,83,64,119,90,69,121,90,70,116,92,72,119,80,68,113,100,67,115,104,64,127,100,69,124,104,72,124,108,,,,,,,78,121,99,82,127,89,83,132,96,60,139,96
1JJ2,60,125,76,54,126,76,62,146,83,62,144,78,57,144,80,45,164,50,51,158,58,59,156,68,30,146,74,32,143,72,32,141,68,54,147,58,51,140,60,46,141,60,35,172,63,29,167,71,29,157,60,36,150,61,29,151,60,58,144,89,74,143,83,72,141,74,42,137,71,47,174,67,45,171,70,43,165,69,50,170,60,63,149,73,62,154,75,79,135,90,60,128,88,57,121,83,64,119,90,69,121,89,70,116,92,72,119,80,68,112,100,67,115,103,64,127,100,69,124,104,72,124,108,79,122,102,78,120,99,79,125,92,82,127,89,82,132,96,59,139,96
3CCQ,61,125,76,54,126,76,62,146,83,62,145,78,58,144,81,45,164,50,52,158,59,59,156,68,31,147,75,32,144,72,32,142,68,55,147,58,51,140,60,46,142,60,35,172,63,29,167,71,30,157,60,36,150,61,29,151,60,58,144,89,74,144,83,72,141,74,42,137,72,47,174,67,46,171,70,44,165,69,51,170,60,63,149,74,62,154,75,79,135,90,60,128,88,58,121,83,64,120,90,69,121,90,71,117,92,72,119,80,69,113,100,67,114,103,65,128,101,69,125,104,72,124,109,,,,,,,78,121,99,82,127,89,83,132,96,60,139,96
1K73,61,126,76,54,126,76,62,147,83,63,145,78,58,144,81,46,165,50,52,158,59,59,156,68,31,147,75,32,144,72,33,142,68,55,147,58,51,141,60,47,142,60,35,173,63,29,168,71,30,157,60,37,151,61,29,151,60,58,144,89,74,144,84,72,142,74,42,137,72,48,175,67,46,172,70,44,165,69,51,170,60,63,149,74,63,154,75,79,136,90,60,129,88,58,122,83,65,120,91,70,121,90,71,117,92,72,120,80,69,113,100,67,116,104,65,128,101,69,125,104,72,125,109,79,123,103,78,121,99,79,126,93,82,128,89,83,132,96,60,140,96
1FFK,61,124,76,53,125,77,62,147,83,62,145,78,59,144,79,45,165,51,,,,,,,30,146,74,32,143,72,32,141,68,54,147,58,51,140,60,46,141,60,34,173,63,29,167,71,29,157,60,36,150,61,29,151,60,58,144,89,74,143,83,72,141,74,42,137,71,47,174,67,46,171,70,43,165,69,50,170,60,63,149,73,62,154,75,79,135,90,60,128,88,57,121,83,64,119,90,69,121,89,70,116,92,72,119,80,68,112,100,67,115,103,64,127,100,69,124,104,72,124,108,79,122,102,78,120,99,79,125,92,82,127,89,82,132,96,59,139,96
1VQN,60,125,76,53,125,76,62,146,83,62,144,78,57,144,81,45,164,50,51,158,58,59,155,68,30,146,74,32,143,72,32,141,68,54,146,58,51,140,60,46,141,60,34,172,63,28,167,71,30,156,59,36,149,61,28,150,60,58,144,89,74,143,83,72,140,74,42,136,71,47,174,67,46,171,71,43,165,69,50,170,60,63,148,73,62,153,75,79,135,90,60,128,88,57,121,83,64,119,90,70,122,88,70,116,91,72,119,80,68,112,100,67,115,104,65,126,100,68,123,103,72,123,109,,,,,,,77,122,99,82,127,89,82,132,96,60,139,95
1VQ8,60,125,76,53,125,76,62,146,83,62,144,78,57,143,80,45,163,50,51,158,58,59,155,68,30,146,74,32,143,72,32,141,68,54,146,58,50,140,60,46,141,60,34,172,63,29,166,71,30,156,59,36,149,61,28,150,60,58,143,89,73,143,83,71,140,74,41,136,71,47,174,67,46,171,71,43,165,69,50,170,60,62,148,73,62,153,75,79,135,90,60,128,88,57,121,83,64,119,90,69,122,88,70,116,91,72,118,80,68,112,100,67,115,104,65,127,100,70,123,104,72,123,109,,,,,,,77,121,99,82,126,89,82,131,96,60,139,95
4ADX,169,154,156,166,147,155,163,156,133,168,155,135,167,152,136,191,130,117,186,141,124,180,150,125,165,121,132,167,126,134,170,128,139,190,143,133,184,141,146,181,136,144,174,123,106,172,120,116,174,118,126,178,122,129,175,121,133,155,157,136,168,165,135,178,165,140,172,138,144,177,133,103,173,133,108,170,132,114,184,138,117,174,158,132,175,154,127,164,174,142,158,152,149,161,153,153,160,157,159,160,162,160,159,168,162,165,168,158,145,167,170,143,170,166,146,158,153,143,164,155,140,169,155,148,182,154,150,180,158,155,178,154,160,179,155,153,182,143,151,160,138
2OTL,61,126,76,54,126,76,62,147,83,62,145,78,58,144,81,46,165,50,52,158,59,59,157,68,31,147,75,32,144,72,33,142,68,55,147,58,51,141,60,46,142,60,35,173,63,29,168,71,30,157,60,37,151,61,29,151,60,58,144,89,74,144,84,72,142,74,42,137,72,47,175,67,46,172,70,44,165,69,51,170,60,63,149,74,62,154,75,79,136,90,60,129,88,58,122,83,64,120,91,69,122,90,71,117,92,72,120,80,69,113,100,67,116,104,65,128,101,69,125,104,72,125,109,,,,,,,78,121,99,82,128,89,83,132,96,60,140,96
2OTJ,60,125,76,53,126,76,62,146,83,62,144,77,57,144,80,45,164,50,51,158,58,59,155,68,30,146,74,32,143,72,32,141,68,54,147,58,51,140,60,46,141,60,35,172,63,29,167,70,29,157,59,36,150,61,29,151,60,58,144,89,74,143,83,72,141,74,42,136,71,47,174,67,45,171,70,44,165,69,50,169,59,63,148,73,62,153,75,79,135,90,60,128,88,57,121,82,64,119,90,69,121,89,70,116,92,72,119,79,68,112,99,67,115,103,64,127,100,69,124,104,72,124,108,,,,,,,78,120,98,82,127,89,83,131,96,59,139,95
6TH6,197,160,188,200,154,187,197,154,211,193,153,207,197,151,206,172,121,206,176,133,207,182,142,211,204,124,199,202,125,195,198,125,192,177,139,197,183,139,192,185,135,191,194,116,215,195,112,213,188,114,199,193,119,202,191,116,195,,,,193,165,212,186,162,205,198,137,191,182,123,224,187,124,223,189,125,216,176,125,218,188,150,209,188,148,214,198,176,209,206,163,200,204,167,199,203,172,202,204,176,200,209,178,192,,,,218,180,190,222,179,193,216,175,199,217,177,204,221,181,206,212,185,205,207,189,201,203,182,201,198,182,203,203,182,210,212,160,210
1VQK,60,125,76,53,125,76,62,146,83,62,144,78,57,143,81,45,163,50,51,158,58,59,155,68,30,146,74,32,143,72,32,141,68,54,146,58,51,140,60,46,141,60,35,172,63,29,166,71,30,156,59,36,149,61,28,150,60,58,143,89,74,143,83,72,140,74,42,136,71,47,174,67,46,171,71,43,165,69,50,170,60,63,148,74,62,153,75,79,135,90,60,128,88,57,121,83,64,119,91,69,120,89,70,116,92,72,119,80,68,112,100,67,115,104,65,127,100,70,124,104,72,123,109,,,,,,,77,121,99,82,127,89,83,132,96,60,139,96
3CD6,60,126,76,54,126,76,62,147,83,62,145,78,57,144,81,45,165,50,52,158,59,59,156,68,30,147,75,32,144,72,32,142,68,54,147,58,51,141,60,46,142,60,35,172,63,29,167,71,29,157,60,36,151,61,29,151,60,58,144,89,74,144,84,72,141,74,42,137,72,47,175,67,46,172,70,44,165,69,51,170,60,63,149,74,62,154,75,79,136,90,60,129,88,57,122,83,64,120,91,69,122,90,70,117,92,72,120,80,68,113,100,67,116,104,65,128,101,69,125,103,72,124,109,,,,,,,77,123,99,82,128,89,83,133,96,60,140,96
1S72,60,125,76,54,126,76,62,146,83,62,144,78,57,144,80,45,164,50,51,158,58,59,156,68,30,146,74,32,143,72,32,141,68,54,147,58,51,140,60,46,141,60,35,172,63,29,167,71,29,157,60,36,150,61,29,151,60,58,144,89,74,143,83,72,141,74,42,137,71,47,174,67,45,171,70,43,165,69,50,170,60,63,149,73,62,154,75,79,135,90,60,128,88,57,121,83,64,119,90,69,121,89,70,116,92,72,119,80,68,112,100,67,115,103,64,127,100,69,124,104,72,124,108,,,,,,,78,120,99,82,127,89,82,132,96,59,139,95
8HL3,209,187,247,206,183,249,206,168,238,209,170,241,204,170,243,228,144,264,223,151,255,220,157,245,195,157,268,197,161,269,201,163,271,224,165,258,220,169,261,217,167,264,204,137,264,202,138,267,208,146,275,205,152,269,207,153,276,198,170,237,211,173,229,218,175,236,203,171,263,215,135,252,211,138,251,210,144,256,222,140,255,214,166,242,214,161,240,209,183,223,198,185,241,200,191,247,197,195,238,202,194,235,199,199,233,211,197,238,191,203,231,187,200,229,190,187,230,189,192,226,187,193,220,196,194,217,198,196,222,205,194,223,210,192,222,204,187,217,193,174,233
8HL2,207,187,163,212,183,163,216,169,174,212,170,171,214,170,167,201,140,148,204,148,157,207,155,166,230,160,145,226,163,143,222,164,141,200,160,154,203,166,150,206,164,148,226,139,149,229,141,145,220,146,138,222,152,143,219,152,136,223,172,174,209,173,183,202,173,175,219,171,148,216,135,161,219,138,161,219,144,157,208,137,158,208,164,170,211,159,172,209,183,188,219,187,170,215,192,164,217,197,172,213,195,176,214,201,177,203,196,173,222,206,179,226,204,182,227,191,181,226,197,185,228,198,190,218,199,193,216,199,189,210,194,187,206,192,188,212,189,194,227,179,178
1Q81,61,125,77,54,126,77,62,146,84,62,145,78,58,144,81,45,164,51,52,158,59,59,156,69,30,146,75,32,143,72,33,141,68,55,147,59,51,140,60,46,141,61,35,172,63,29,167,71,30,157,60,36,150,61,29,151,60,58,144,89,74,143,84,72,141,75,42,137,72,47,174,67,46,171,71,44,165,69,51,170,60,63,149,74,62,154,76,79,136,91,60,128,88,58,121,83,64,119,91,69,121,90,71,116,92,72,119,80,68,113,100,67,115,104,64,128,101,69,124,104,72,124,109,79,123,103,77,121,99,79,125,93,82,127,90,83,132,97,60,139,96
8HL1,208,186,164,213,183,161,216,169,174,212,170,170,218,171,169,202,139,148,204,148,157,207,154,165,229,160,145,226,163,144,222,164,141,199,160,154,203,166,150,206,164,148,226,140,149,229,141,145,220,147,138,222,152,143,220,153,136,223,172,174,209,173,183,202,173,175,219,171,149,216,135,161,219,139,161,219,144,157,208,137,158,209,164,170,211,159,172,209,183,188,219,187,170,215,192,164,217,197,173,213,195,176,214,201,178,204,196,173,222,206,179,226,205,182,226,191,181,225,196,185,227,198,191,218,198,193,216,199,189,210,194,187,206,192,188,212,188,194,227,178,178
1M1K,61,126,76,54,127,76,62,147,83,63,145,78,58,144,81,46,165,50,52,158,59,59,156,68,31,147,74,32,144,72,33,142,68,55,147,58,51,141,60,47,142,60,35,173,63,29,168,71,30,157,60,37,151,61,29,151,60,58,144,89,74,144,84,72,142,75,42,137,72,48,175,67,46,172,70,44,165,69,51,170,60,63,149,74,63,154,75,79,136,90,60,129,88,58,122,83,64,120,91,70,122,90,71,117,92,73,120,80,69,113,100,67,116,104,65,128,101,69,125,104,72,125,109,79,123,103,78,121,99,80,126,93,82,128,89,83,132,97,60,140,96
1VQ7,60,125,76,53,126,76,61,146,83,62,144,78,57,144,81,45,164,50,51,158,59,59,156,68,30,146,74,31,143,72,32,141,68,54,147,58,50,140,60,46,141,60,34,172,63,28,167,70,29,157,59,36,150,61,28,151,60,57,144,89,73,143,83,71,141,74,41,137,71,47,174,67,45,171,70,43,165,69,50,170,60,62,149,74,62,154,75,78,135,90,60,128,88,57,121,83,64,119,90,69,121,89,70,116,91,72,119,80,68,112,100,66,115,103,64,127,100,67,123,103,71,124,108,,,,,,,76,122,99,82,127,89,82,132,96,59,139,95
2QEX,61,127,77,54,128,77,63,148,83,63,147,78,58,146,81,46,166,51,52,160,59,60,158,69,31,149,75,32,145,72,33,143,69,55,149,59,51,142,60,47,143,61,36,174,64,29,169,71,30,159,60,37,152,62,29,153,60,59,146,89,75,146,84,73,143,75,42,139,72,48,177,67,46,174,71,44,167,69,51,172,60,64,151,74,63,156,76,80,137,90,61,130,88,58,123,83,65,121,91,70,122,90,71,118,92,73,121,80,69,114,100,68,116,104,65,129,101,70,126,105,73,126,109,,,,,,,79,122,99,83,129,90,84,134,97,60,141,96
8HL5,191,207,251,189,213,251,172,217,242,173,213,245,174,217,248,146,202,271,153,204,262,158,207,250,168,229,274,170,225,274,171,221,277,167,199,262,173,203,265,171,206,268,146,226,271,148,229,276,155,220,282,161,222,276,161,218,283,176,224,242,175,210,233,175,204,240,178,218,267,140,217,260,144,220,259,151,220,262,143,209,261,169,210,246,164,212,244,184,211,226,191,219,243,197,215,249,200,216,239,198,213,236,204,214,234,199,203,240,210,222,232,207,227,230,195,228,232,200,228,229,199,229,222,198,221,219,200,217,223,196,212,225,193,208,224,189,214,220,181,229,237
1KD1,61,126,76,54,126,77,62,147,83,62,145,78,58,144,81,45,164,50,52,158,59,59,156,68,31,147,75,32,144,72,33,142,68,54,147,58,51,140,60,46,142,60,35,173,63,29,167,71,30,157,60,36,151,61,29,151,60,58,144,89,74,144,84,72,141,74,42,137,72,47,175,67,46,171,70,44,165,69,51,170,60,63,149,74,62,154,75,79,136,90,60,129,88,57,121,83,64,120,91,69,123,88,70,117,93,72,120,80,68,113,100,67,115,104,65,128,101,69,125,104,72,124,109,79,123,103,78,121,99,79,126,93,82,128,89,83,132,97,60,140,96
8HL4,207,188,164,212,184,162,216,170,174,212,170,171,217,172,169,202,140,148,204,149,157,207,155,165,230,162,145,226,165,143,222,166,141,199,162,154,203,167,151,206,166,148,226,141,149,229,142,145,220,148,138,222,154,143,219,154,136,223,174,174,209,174,183,203,173,175,219,173,149,216,136,161,219,140,161,219,145,157,208,139,158,209,165,170,211,160,172,209,184,188,219,188,170,215,193,164,217,198,173,213,196,176,214,202,178,203,197,173,222,207,180,226,206,182,227,192,181,226,197,185,228,199,191,218,200,193,216,200,189,210,195,188,206,192,189,212,189,194,227,180,179
1VQ4,61,126,76,54,127,76,62,147,83,62,145,78,58,144,81,46,165,50,52,158,59,59,157,68,31,147,75,32,144,72,33,142,68,55,147,58,51,141,60,46,142,60,35,173,63,29,168,71,30,158,60,37,151,61,29,151,60,58,145,89,74,144,84,72,142,74,42,137,72,48,175,67,46,172,71,44,165,69,51,171,60,63,149,74,63,154,75,79,136,90,60,129,88,58,122,83,64,120,91,69,122,89,71,117,92,72,120,80,69,113,100,67,116,104,65,128,101,68,124,103,72,125,109,,,,,,,77,123,99,82,128,89,83,133,97,60,140,96
1Q7Y,61,125,77,54,125,77,62,146,84,62,144,78,57,143,81,45,164,50,52,158,59,59,155,69,30,146,75,32,143,72,33,141,68,55,146,59,51,140,60,46,141,61,35,172,63,29,166,71,30,156,60,36,150,61,29,150,60,58,143,89,74,143,84,72,141,75,42,136,72,47,174,67,46,170,71,44,164,69,51,169,60,63,148,74,62,153,76,79,135,91,60,128,88,58,121,83,64,119,91,69,121,90,71,116,92,72,119,80,68,112,100,66,115,104,64,127,101,69,124,104,72,124,109,79,123,103,78,121,99,79,125,93,82,127,90,83,132,97,60,139,96
1KQS,60,126,76,54,126,76,62,147,83,62,145,78,58,144,81,45,165,50,52,158,59,59,156,68,30,147,75,32,144,72,33,142,68,55,147,58,51,141,60,46,142,60,35,173,63,29,167,71,30,157,60,36,151,61,29,151,60,58,144,89,74,144,83,72,142,74,42,137,72,47,175,67,46,172,70,44,165,69,51,170,60,63,149,74,62,154,75,79,136,90,60,129,88,57,122,83,64,120,90,69,123,88,70,117,92,72,120,80,68,113,100,67,116,104,65,128,101,69,125,104,72,125,109,79,123,103,77,122,99,79,126,92,82,128,89,83,132,96,60,140,96
1N8R,61,126,76,54,126,76,62,147,83,62,145,78,58,144,81,45,165,50,52,159,59,59,156,68,31,147,75,32,144,72,33,142,68,55,147,58,51,141,60,46,142,60,35,173,63,29,168,71,30,158,60,36,151,61,29,151,60,58,144,89,74,144,83,72,142,74,42,137,72,47,175,67,46,172,70,44,165,69,51,170,60,63,149,74,62,154,75,79,136,90,60,129,88,57,122,83,64,120,91,70,122,89,71,117,92,72,120,80,68,113,100,67,116,104,65,128,101,69,125,104,72,125,109,79,123,103,78,122,99,79,126,93,82,128,89,83,132,96,60,140,96
1Q86,61,125,76,54,126,76,62,146,83,62,145,78,58,144,81,45,165,50,52,158,59,59,156,68,30,147,75,32,144,72,33,142,68,55,147,58,51,140,60,46,142,60,35,173,63,29,167,71,30,157,60,37,151,61,29,151,60,58,144,89,74,144,84,72,141,74,42,137,72,47,174,67,46,171,71,44,165,69,51,170,60,63,149,74,62,154,75,79,136,90,60,128,88,57,121,83,64,120,91,69,123,88,71,117,92,72,120,80,68,113,100,67,115,104,64,128,101,69,125,104,72,124,109,79,123,103,77,122,99,79,125,93,82,127,89,83,132,96,60,139,96
1VQ5,60,125,76,53,126,76,62,147,83,62,145,78,57,144,81,45,165,50,51,158,59,59,156,68,30,147,75,32,144,72,32,142,68,54,147,58,51,141,60,46,142,60,34,172,63,29,167,71,29,157,60,36,151,61,28,151,60,58,144,89,73,144,84,72,141,74,42,137,72,47,174,67,45,171,71,44,165,69,50,170,60,62,149,74,62,154,75,78,136,90,60,128,88,57,121,83,64,120,90,69,121,89,70,117,92,72,119,80,68,113,100,66,115,104,64,128,101,67,124,103,72,124,109,,,,,,,76,123,99,82,127,89,82,132,96,59,139,96
8HKU,204,194,201,208,198,203,205,213,215,206,207,215,209,210,211,234,197,241,224,200,234,215,205,229,238,211,209,237,207,208,237,202,208,220,192,225,221,191,218,226,193,217,243,217,229,246,217,225,246,204,223,240,207,218,245,201,218,206,217,208,194,210,217,198,201,218,226,201,205,231,217,240,231,218,235,232,214,230,230,208,242,208,206,221,210,210,225,185,210,209,202,207,197,204,199,193,195,203,191,191,203,194,188,202,190,190,193,198,186,207,182,188,212,182,194,217,192,188,216,189,183,220,189,178,214,194,180,209,193,182,206,200,180,204,204,179,213,205,202,220,202
4V4N,-10,7,38,-15,5,41,2,-9,39,3,-4,41,0,-7,42,16,-1,76,14,-1,64,14,-4,51,-12,-13,68,-13,-9,67,-12,-4,68,7,7,59,0,8,58,-1,6,62,10,-21,76,3,-22,76,0,-9,80,-1,-2,74,-5,-4,79,-4,-13,36,7,-5,29,7,4,35,-12,-1,57,19,-19,68,14,-21,66,9,-17,66,20,-10,68,8,-3,44,11,-7,45,1,-2,18,-15,-2,31,-18,4,33,-18,1,23,-13,3,21,-17,4,17,-10,12,23,-24,0,12,-24,-4,13,-16,-9,19,-17,-9,13,-17,-11,8,-12,-4,6,-9,-1,8,-6,2,12,-1,4,13,0,-3,10,-8,-15,29
3CCJ,61,125,76,54,126,76,62,146,83,62,145,78,57,144,81,45,164,50,51,158,59,59,156,68,30,147,74,32,143,72,32,141,68,54,147,58,51,140,60,46,141,60,35,171,62,29,167,70,29,157,59,36,150,61,29,151,60,58,144,89,74,143,83,72,141,74,42,137,71,47,174,66,46,171,70,44,165,68,50,170,59,63,149,73,62,154,75,79,135,90,60,128,88,57,121,82,64,120,90,69,121,89,70,117,92,72,119,80,68,113,100,67,115,103,65,128,100,69,125,104,72,124,108,,,,,,,78,121,98,82,127,89,83,132,96,59,139,95
3CMA,60,124,76,53,125,76,62,145,83,62,144,77,57,143,80,45,162,50,51,157,58,59,155,67,30,146,74,32,142,71,32,140,68,54,146,58,50,139,60,46,140,60,34,171,63,29,166,70,30,156,59,36,149,61,28,150,59,58,143,88,73,142,83,72,140,74,41,136,71,47,173,67,46,170,70,43,164,69,50,169,60,62,148,73,62,153,75,78,134,89,60,127,87,57,120,82,64,119,90,69,121,87,70,116,91,72,118,79,68,112,99,66,114,103,65,126,100,69,123,104,72,123,108,,,,,,,77,120,98,82,126,89,82,131,96,59,138,95
3G6E,60,125,76,53,126,76,62,146,83,62,145,78,57,144,80,45,164,50,51,158,59,59,156,68,30,146,74,32,143,72,32,141,68,54,147,58,51,140,60,46,141,60,35,172,63,29,167,71,29,157,59,36,150,61,29,151,60,58,144,89,74,143,83,72,141,74,42,137,71,47,174,67,46,171,70,44,165,69,50,170,60,63,149,73,62,154,75,79,135,90,60,128,88,57,121,83,64,119,90,69,122,88,70,116,91,72,119,80,68,112,100,67,115,103,64,127,100,69,123,103,72,124,108,,,,,,,78,121,99,82,127,89,83,132,96,59,139,95
6SKF,170,224,183,165,224,179,156,220,200,157,225,198,155,222,194,131,253,194,141,246,197,147,237,202,,,,136,228,175,138,231,173,151,246,190,153,242,184,148,241,181,,,,,,,125,242,180,128,235,183,129,240,175,,,,167,221,207,167,231,202,148,229,177,125,238,206,126,234,204,129,234,197,130,245,205,155,230,201,151,229,204,176,214,205,167,213,191,171,214,190,175,212,196,180,211,195,184,208,188,,,,186,199,184,183,196,185,178,202,190,,,,180,193,197,,,,187,204,196,184,211,199,185,215,202,182,208,207,159,205,197
1M90,60,125,76,53,126,76,62,146,83,62,144,78,57,144,80,45,164,50,51,158,58,59,156,68,30,146,74,32,143,72,32,141,68,54,147,58,50,140,60,46,141,60,34,172,63,29,167,70,29,157,59,36,150,61,28,151,60,58,144,89,73,143,83,72,141,74,42,137,71,47,174,67,45,171,70,43,165,69,50,170,60,62,149,73,62,154,75,78,135,90,60,128,88,57,121,83,64,119,90,69,122,88,70,116,91,72,119,80,68,112,100,66,115,104,64,127,100,69,124,104,72,124,108,79,123,103,77,121,99,79,125,92,82,127,89,82,132,96,59,139,95
8HKV,215,201,171,221,198,169,227,182,179,222,184,176,226,185,174,212,157,151,214,164,160,217,169,169,238,179,149,234,181,148,230,182,145,209,176,160,212,182,157,215,181,154,235,158,150,238,160,146,229,166,141,231,170,146,228,171,139,233,187,179,220,186,188,212,186,181,227,188,154,227,151,162,230,155,162,230,161,158,219,154,160,218,178,175,221,173,176,219,196,195,228,201,178,223,207,172,226,210,182,223,207,186,223,213,187,212,209,182,229,219,189,234,217,190,234,205,187,234,209,192,236,210,198,228,209,201,225,210,195,220,206,195,215,203,196,222,200,201,237,193,184
3CXC,61,126,76,54,127,76,62,147,83,63,145,78,58,144,81,46,165,50,52,159,59,59,157,68,31,147,75,32,144,72,33,142,68,55,148,58,51,141,60,47,142,60,35,173,63,30,168,71,30,158,60,37,151,61,29,152,60,58,144,89,74,144,84,72,142,74,42,138,72,48,175,67,46,172,71,44,166,69,51,171,60,63,149,74,63,155,75,79,136,90,60,129,88,58,122,83,64,120,91,69,122,90,71,117,92,73,120,80,68,113,100,66,116,104,65,128,101,70,125,104,72,125,109,80,124,103,78,122,99,80,126,93,83,128,89,83,133,97,60,140,96
1K8A,61,125,76,54,126,77,62,147,83,62,145,78,58,144,81,45,164,50,52,158,59,59,156,68,31,147,75,32,144,72,33,142,68,55,147,59,51,140,60,47,142,61,35,172,63,29,167,71,30,157,60,37,151,61,29,151,60,58,144,89,74,144,84,72,141,74,42,137,72,47,174,67,46,171,71,44,165,69,51,170,60,63,149,74,62,154,75,79,136,90,60,129,88,57,121,83,64,120,91,69,123,88,71,117,92,72,120,80,68,113,100,67,116,104,65,127,101,69,125,104,72,124,109,79,123,103,78,121,99,79,126,93,82,127,89,83,132,97,60,140,96
3OW2,60,125,76,54,125,76,62,146,83,62,144,78,58,144,81,45,163,50,52,158,58,59,155,68,31,146,74,32,143,72,32,141,68,54,146,58,51,140,60,46,141,60,35,172,63,29,166,71,30,156,59,37,149,61,29,150,60,58,143,89,74,143,83,72,140,74,42,136,71,47,174,67,46,171,71,44,165,69,50,170,60,63,148,74,62,153,75,79,135,90,60,128,87,57,121,83,64,119,90,69,122,87,71,116,91,72,119,80,68,112,99,66,115,104,65,126,100,70,123,104,72,123,109,79,122,103,78,120,99,79,124,92,82,127,89,83,131,96,60,139,96
3G71,60,125,76,54,126,76,62,146,83,62,145,78,57,144,81,45,164,50,52,158,59,59,156,68,30,147,74,32,143,72,32,141,68,54,147,58,51,140,60,46,141,60,35,172,63,29,167,70,29,157,59,36,150,61,29,151,60,58,144,89,74,143,83,72,141,74,42,137,71,47,174,67,46,171,70,44,165,69,51,170,60,63,149,73,62,154,75,79,135,90,60,128,88,57,121,83,64,120,90,69,121,89,70,117,92,72,119,80,68,113,100,66,115,104,64,128,100,69,125,104,72,124,108,,,,,,,78,121,99,82,127,89,83,132,96,60,139,95
3I56,61,126,76,54,126,76,62,147,83,62,145,78,57,144,81,45,165,50,52,158,59,59,156,68,30,147,75,32,144,72,32,142,68,55,147,58,51,141,60,46,142,60,35,173,63,29,167,71,29,157,60,36,151,61,29,151,60,58,144,89,74,144,84,72,141,74,42,137,72,47,175,67,46,172,71,44,165,69,50,170,60,63,149,74,62,154,75,79,136,90,60,129,88,57,122,83,64,120,90,69,123,88,70,117,92,72,120,80,68,113,100,67,116,103,64,128,101,69,125,104,72,125,109,,,,,,,78,121,99,82,128,89,83,132,96,60,140,96
3CME,60,124,76,53,125,76,61,145,82,62,144,77,57,143,80,44,162,50,51,157,58,58,155,67,30,145,74,31,142,71,32,140,68,54,146,58,50,139,60,46,140,60,34,171,63,28,166,70,29,155,59,36,148,61,28,150,59,57,143,88,73,142,83,71,140,74,41,136,71,47,173,67,45,170,70,43,164,69,49,169,60,62,148,73,62,152,75,78,134,89,60,127,87,57,120,82,64,119,90,69,121,87,70,116,91,72,118,79,68,112,99,66,114,103,65,126,100,69,123,104,72,123,108,,,,,,,77,120,98,82,126,88,82,131,95,59,138,95
4V6U,36,-24,-1,39,-27,-6,46,-6,-2,46,-10,0,48,-10,-3,81,-19,14,69,-15,11,60,-11,9,70,-23,-15,67,-26,-13,67,-29,-10,60,-23,11,57,-28,6,61,-29,3,84,-8,-1,83,-10,-8,83,-25,-3,74,-28,0,79,-30,-5,44,-5,-10,36,-3,4,40,-11,8,56,-28,-8,80,-1,5,77,-2,1,76,-8,0,78,-7,11,50,-9,5,53,-5,4,25,-3,0,33,-17,-12,31,-25,-10,23,-19,-12,22,-17,-7,17,-18,-10,22,-22,0,13,-17,-18,14,-14,-21,25,-8,-18,18,-6,-18,15,-3,-20,12,-4,-11,12,-9,-9,17,-8,-3,17,-7,1,18,0,-2,38,-4,-14
3I55,60,125,76,54,126,76,62,146,83,62,145,78,57,144,81,45,164,50,51,158,59,59,156,68,30,147,74,32,143,72,32,141,68,54,147,58,51,140,60,46,141,60,35,172,63,29,167,71,29,157,60,36,150,61,28,151,60,58,144,89,74,143,83,72,141,74,42,137,71,47,174,67,46,171,70,44,165,69,50,170,60,63,149,74,62,154,75,79,135,90,60,128,88,57,121,83,64,119,90,69,122,88,71,117,91,72,119,80,68,113,100,66,116,104,65,127,101,68,123,103,72,124,109,,,,,,,77,123,99,82,127,89,82,132,96,60,139,96
