rcsb_id,uL4-0-x,uL4-0-y,uL4-0-z,uL4-1-x,uL4-1-y,uL4-1-z,uL4-2-x,uL4-2-y,uL4-2-z,uL4-3-x,uL4-3-y,uL4-3-z,uL22-0-x,uL22-0-y,uL22-0-z,uL22-1-x,uL22-1-y,uL22-1-z,uL22-2-x,uL22-2-y,uL22-2-z,uL22-3-x,uL22-3-y,uL22-3-z,uL22-4-x,uL22-4-y,uL22-4-z,uL22-5-x,uL22-5-y,uL22-5-z,uL22-6-x,uL22-6-y,uL22-6-z,uL22-7-x,uL22-7-y,uL22-7-z,uL22-8-x,uL22-8-y,uL22-8-z,uL22-9-x,uL22-9-y,uL22-9-z,uL22-10-x,uL22-10-y,uL22-10-z,uL22-11-x,uL22-11-y,uL22-11-z,uL23-0-x,uL23-0-y,uL23-0-z,uL23-1-x,uL23-1-y,uL23-1-z,23S-0-x,23S-0-y,23S-0-z,23S-1-x,23S-1-y,23S-1-z,23S-2-x,23S-2-y,23S-2-z,23S-3-x,23S-3-y,23S-3-z,23S-4-x,23S-4-y,23S-4-z,23S-5-x,23S-5-y,23S-5-z,23S-6-x,23S-6-y,23S-6-z,23S-7-x,23S-7-y,23S-7-z,23S-8-x,23S-8-y,23S-8-z,23S-9-x,23S-9-y,23S-9-z,23S-10-x,23S-10-y,23S-10-z,23S-11-x,23S-11-y,23S-11-z,23S-12-x,23S-12-y,23S-12-z,23S-13-x,23S-13-y,23S-13-z,23S-14-x,23S-14-y,23S-14-z,23S-15-x,23S-15-y,23S-15-z,23S-16-x,23S-16-y,23S-16-z,23S-17-x,23S-17-y,23S-17-z,23S-18-x,23S-18-y,23S-18-z,23S-19-x,23S-19-y,23S-19-z,23S-20-x,23S-20-y,23S-20-z,23S-21-x,23S-21-y,23S-21-z,23S-22-x,23S-22-y,23S-22-z,23S-23-x,23S-23-y,23S-23-z,23S-24-x,23S-24-y,23S-24-z,23S-25-x,23S-25-y,23S-25-z,23S-26-x,23S-26-y,23S-26-z,23S-27-x,23S-27-y,23S-27-z,23S-28-x,23S-28-y,23S-28-z,23S-29-x,23S-29-y,23S-29-z,23S-30-x,23S-30-y,23S-30-z,23S-31-x,23S-31-y,23S-31-z,23S-32-x,23S-32-y,23S-32-z,23S-33-x,23S-33-y,23S-33-z,23S-34-x,23S-34-y,23S-34-z,23S-35-x,23S-35-y,23S-35-z,23S-36-x,23S-36-y,23S-36-z,23S-37-x,23S-37-y,23S-37-z,23S-38-x,23S-38-y,23S-38-z,23S-39-x,23S-39-y,23S-39-z,23S-40-x,23S-40-y,23S-40-z,23S-41-x,23S-41-y,23S-41-z
7SAE,181,193,176,182,192,181,180,195,183,180,196,181,194,226,184,184,226,184,186,217,180,191,218,177,197,208,175,197,205,180,197,201,177,193,202,175,192,201,178,191,206,177,193,215,182,193,221,182,188,226,160,185,229,161,185,231,153,181,213,162,184,211,162,185,205,162,186,202,159,176,203,160,174,206,162,175,211,166,174,215,169,172,219,170,174,245,172,191,239,180,188,241,183,177,238,175,173,235,177,196,196,172,202,191,172,194,193,166,188,183,163,175,212,182,193,231,174,194,227,173,197,236,157,199,236,153,195,205,169,190,187,187,188,178,190,191,178,186,187,173,189,189,168,180,181,176,173,,,,,,,,,,,,,,,,,,,,,,,,,,,,,,,,,
6YST,180,203,159,181,206,153,184,207,152,182,210,152,188,220,121,191,225,129,185,220,134,181,219,130,177,209,133,180,205,134,177,202,137,175,206,140,180,206,139,179,210,138,184,213,130,185,217,127,169,230,126,171,234,127,162,240,127,169,226,141,168,223,141,167,218,143,163,216,145,167,222,151,169,225,150,174,227,146,178,229,143,179,233,142,186,247,124,188,230,115,191,232,116,187,241,126,189,240,132,171,202,141,168,194,141,165,204,145,162,200,157,188,223,145,180,226,119,178,223,122,164,232,115,159,232,113,171,210,137,186,199,153,186,194,161,181,192,161,182,189,165,173,185,165,174,198,165,189,186,152,189,181,155,181,178,145,179,172,149,180,173,154,180,176,157,180,180,159,169,185,157,171,179,151,174,187,146,181,184,146
7ZQ6,175,232,199,178,239,199,177,241,203,174,243,200,190,272,203,180,271,204,182,263,200,186,263,197,192,254,196,193,251,200,193,246,198,189,247,194,188,248,199,187,252,198,188,260,202,188,266,202,,,,,,,179,276,173,177,259,182,180,256,182,181,251,182,181,247,179,172,248,181,171,252,182,171,257,187,170,261,189,168,264,190,171,289,192,188,284,200,185,285,202,174,283,195,169,280,197,192,242,192,197,236,192,189,239,186,184,228,184,171,258,202,190,276,194,190,272,193,193,280,177,196,280,172,190,251,190,181,235,206,178,225,209,181,223,204,180,219,207,185,214,199,176,223,196,190,227,215,192,221,216,201,225,210,203,218,210,199,215,210,195,214,209,190,215,207,191,219,195,200,220,200,197,228,200,198,229,208
8URY,268,235,249,269,228,252,273,228,251,270,223,249,283,198,266,281,198,256,276,206,257,274,205,263,272,216,268,277,219,266,275,223,268,270,222,265,275,222,263,272,217,262,278,210,264,281,203,265,260,195,268,261,192,263,251,189,265,257,206,258,257,209,260,257,214,261,253,218,262,253,216,253,254,212,252,259,208,251,262,204,250,263,201,249,270,178,252,281,186,266,283,185,262,272,184,253,272,187,248,267,227,268,268,233,272,261,228,267,255,238,261,274,209,246,275,193,268,273,198,268,260,187,277,257,187,281,266,217,268,277,234,253,276,243,249,272,244,253,274,250,250,267,254,257,263,243,250,285,244,258,285,251,256,283,247,270,283,255,271,282,256,266,279,257,263,277,255,260,266,250,264,272,250,270,274,242,269,281,243,267
6OUO,288,254,241,294,257,242,296,259,239,299,255,240,327,271,245,326,264,238,318,262,243,319,263,248,310,265,253,306,268,251,302,267,253,303,262,254,303,265,249,307,263,249,315,267,246,322,268,245,329,251,257,332,249,254,335,242,259,317,245,252,314,247,254,309,248,255,306,246,258,306,241,251,310,241,248,315,244,245,318,246,242,321,246,240,346,251,238,340,268,245,340,267,241,339,254,238,335,252,234,299,261,257,293,265,261,297,255,260,286,249,259,313,255,234,333,265,251,328,264,252,339,255,265,339,254,270,307,260,257,289,264,240,280,262,238,279,260,243,273,261,241,270,259,251,279,252,245,281,275,242,275,276,242,279,280,254,272,280,255,270,277,252,269,273,251,270,269,248,275,262,257,275,270,260,284,270,257,283,276,252
5MGP,171,218,190,173,225,190,172,227,194,170,230,191,184,260,194,175,257,196,177,249,191,182,249,189,187,239,187,187,236,192,188,232,190,184,232,186,183,232,190,182,237,189,183,246,193,184,252,193,181,258,172,177,260,174,175,263,164,172,245,173,175,243,174,176,238,174,177,234,171,168,235,172,166,238,174,167,244,178,166,247,181,164,251,181,166,275,184,183,270,192,180,271,194,169,269,187,164,265,189,187,228,183,192,222,183,184,226,177,179,215,175,166,244,193,185,262,186,186,258,186,189,266,169,191,267,165,185,237,181,176,221,197,173,211,199,176,211,194,175,205,197,180,200,189,171,209,186,184,213,205,186,207,206,196,210,200,197,204,200,193,201,200,189,200,199,185,201,198,186,205,186,194,206,190,192,214,191,192,214,198
4V5A,-17,135,171,-12,133,176,-14,134,179,-11,137,181,13,125,198,7,132,201,4,132,192,9,130,189,6,126,179,1,123,180,0,123,175,1,128,175,-2,127,179,1,128,180,5,126,189,9,125,193,21,147,190,21,148,185,27,152,188,9,147,181,9,144,179,6,143,175,6,144,169,1,150,174,1,151,178,3,148,185,3,148,189,5,149,193,21,148,212,21,130,206,19,131,210,16,143,209,10,145,208,0,128,169,0,123,162,0,133,164,-8,138,157,-4,140,193,21,131,195,18,130,192,34,140,188,38,140,185,6,131,174,-17,126,174,-26,127,170,-22,127,165,-28,126,163,-24,127,153,-21,136,162,-22,114,170,-28,114,166,-16,108,162,-19,106,156,-23,109,156,-25,113,155,-26,118,157,-16,124,153,-14,116,154,-10,117,160,-13,113,165
7AQC,223,206,201,230,208,200,232,207,197,234,203,199,264,216,197,262,206,197,254,209,200,255,213,203,246,220,205,243,220,201,239,222,203,238,217,205,238,216,202,244,215,203,252,215,199,258,215,199,262,209,220,264,205,218,266,204,227,249,203,218,247,206,218,242,208,217,238,209,221,238,200,219,242,198,217,247,198,213,251,197,210,254,195,210,279,194,208,276,212,201,277,209,199,273,198,206,269,194,203,234,220,209,229,226,209,231,218,214,219,214,216,248,198,198,268,215,208,263,216,207,273,216,224,273,219,229,243,218,211,226,212,194,216,210,192,215,213,196,210,212,194,205,218,202,214,207,204,219,221,186,213,222,185,217,232,192,211,235,192,208,231,191,206,227,192,208,223,194,211,223,206,213,231,201,221,227,201,221,228,194
6VZ3,297,286,256,298,293,253,295,292,250,300,293,246,296,321,233,300,314,228,300,310,236,301,315,240,298,313,251,293,310,250,293,309,255,298,307,255,294,305,250,298,307,249,296,313,242,297,317,238,318,322,242,319,322,236,328,324,239,317,309,245,315,309,248,313,306,253,315,305,258,318,299,251,318,300,247,315,302,241,314,304,237,316,305,233,318,321,216,303,328,225,302,326,221,313,319,220,313,312,219,298,306,260,294,306,267,304,304,264,305,293,270,303,299,234,305,326,234,304,324,238,319,335,240,321,338,244,303,311,254,289,290,254,287,282,258,289,285,263,286,279,265,289,282,275,298,282,265,277,290,260,274,284,264,275,298,270,272,294,276,273,289,275,276,286,274,280,284,272,290,290,276,284,295,277,286,299,269,279,298,266
1VY6,73,-59,-22,68,-63,-20,70,-66,-18,67,-69,-22,43,-86,-11,49,-89,-18,51,-80,-18,46,-78,-16,49,-68,-12,54,-68,-9,55,-63,-10,55,-63,-15,57,-67,-13,54,-69,-15,51,-77,-12,46,-81,-12,32,-75,-29,35,-79,-31,29,-77,-37,46,-70,-33,47,-67,-30,49,-63,-29,50,-58,-30,54,-63,-36,54,-67,-37,53,-73,-35,52,-77,-34,51,-81,-35,36,-101,-34,35,-95,-16,37,-98,-17,40,-97,-29,46,-97,-31,55,-57,-14,56,-51,-9,55,-53,-19,63,-45,-24,61,-81,-25,35,-84,-17,37,-80,-16,21,-77,-26,17,-74,-26,49,-63,-17,73,-62,-13,82,-58,-13,77,-53,-15,84,-51,-13,80,-41,-13,77,-50,-23,79,-58,-1,82,-54,0,71,-49,5,75,-44,6,79,-43,3,81,-43,0,80,-46,-3,72,-41,-11,70,-42,-2,66,-49,-5,70,-53,0
6WD5,224,170,186,231,173,185,232,172,181,235,169,183,265,186,178,262,176,176,254,177,182,254,182,185,245,186,187,241,187,183,238,188,186,238,184,189,238,183,184,242,181,186,250,183,181,257,184,180,265,180,200,268,176,198,270,175,208,252,172,200,249,175,200,244,176,200,241,176,204,242,167,202,245,166,200,250,166,195,254,166,192,257,164,191,281,167,187,274,184,180,275,181,177,274,170,184,270,165,183,234,186,192,228,192,193,232,183,198,221,178,201,249,166,181,268,186,186,263,186,187,274,188,203,274,191,207,242,185,193,225,176,179,216,173,178,215,176,183,209,174,181,205,179,189,215,171,191,216,184,172,210,186,172,214,195,177,208,197,178,205,193,178,203,189,179,205,185,180,210,186,192,211,193,187,219,191,186,219,192,179
6YSS,182,202,158,183,205,152,187,205,151,185,209,150,192,216,120,195,222,127,188,217,131,185,216,128,180,206,132,183,202,133,180,200,136,178,204,138,183,203,138,182,208,137,188,211,129,189,214,125,172,227,123,175,232,124,166,238,124,172,225,138,171,221,138,170,217,141,166,215,143,170,221,149,173,224,147,178,226,143,181,228,141,183,231,139,190,244,121,192,227,112,195,229,114,191,238,123,193,237,129,173,200,140,171,193,140,168,203,144,165,200,155,192,221,143,184,222,117,182,220,120,168,229,112,164,229,110,174,208,135,188,197,152,188,193,161,183,191,160,184,188,165,174,184,164,176,197,164,191,184,152,190,180,155,183,176,145,181,171,149,181,172,154,181,175,157,182,179,159,171,184,157,173,178,151,176,185,146,183,182,145
7Q4K,197,179,203,195,176,197,191,176,197,192,172,197,181,164,167,178,159,175,186,164,179,189,165,175,195,175,177,193,178,179,196,181,181,199,177,183,196,177,185,193,173,182,187,170,176,184,167,172,201,151,169,197,147,169,205,142,168,203,155,182,204,159,182,206,163,184,211,165,186,207,159,192,204,156,192,198,155,188,194,153,187,192,150,186,180,136,169,179,154,160,175,152,162,180,143,171,179,144,177,203,180,184,206,188,183,209,178,186,215,181,197,184,161,190,187,158,163,190,161,166,202,150,156,206,150,153,201,173,179,191,184,198,192,190,207,198,190,204,197,194,210,208,197,208,205,184,208,189,198,198,191,204,201,196,205,190,199,211,194,199,210,199,201,211,205,201,204,205,210,197,199,207,203,193,203,196,189,196,200,190
4V4W,27,-40,-2,31,-45,0,33,-47,0,34,-46,4,68,-5,-17,69,-15,-13,61,-10,-6,60,-6,-9,53,-2,-9,50,-4,-11,46,-2,-12,45,-2,-7,46,-6,-6,50,-7,-6,57,-9,-12,63,-10,-14,65,-11,16,61,-16,10,73,-20,14,55,-22,6,53,-19,7,48,-18,8,44,-17,11,45,-26,9,48,-28,7,53,-27,2,57,-28,0,61,-29,-1,81,-25,-8,74,-7,-12,75,-9,-19,77,-23,-7,74,-29,-10,34,-7,2,30,-1,0,32,-9,7,21,-15,10,50,-28,-12,72,-7,-5,68,-7,-3,77,-5,11,78,-2,15,46,-8,1,28,-12,-14,17,-15,-14,14,-13,-9,10,-14,-12,5,-13,-3,17,-21,-3,15,-9,-19,9,-7,-20,16,4,-17,10,5,-16,8,0,-15,6,-3,-13,7,-8,-12,13,-5,0,13,1,-5,19,-1,-9,20,-1,-15
8G7P,218,216,260,217,210,264,213,211,266,216,210,270,209,180,283,210,189,289,215,192,281,217,188,279,219,189,267,214,191,264,217,193,261,221,196,263,216,196,265,217,195,269,212,189,275,212,185,280,235,183,286,232,185,291,243,183,294,234,197,281,233,196,277,233,198,273,237,200,269,236,207,275,234,206,279,229,203,283,226,201,287,226,201,291,222,184,310,213,174,294,210,176,297,219,186,303,217,192,303,224,196,258,223,195,250,230,199,258,233,210,252,214,204,284,219,176,287,220,179,283,236,170,289,240,168,288,225,192,266,210,210,258,209,219,252,214,217,250,211,222,246,220,220,238,222,221,252,202,209,246,201,212,241,206,200,237,206,203,231,206,209,231,208,212,233,210,215,236,222,211,239,217,204,234,216,201,243,208,201,243
1VY4,73,-59,-22,68,-64,-20,70,-67,-19,68,-69,-22,43,-86,-11,49,-89,-18,51,-80,-18,46,-78,-17,49,-68,-12,54,-68,-9,55,-63,-10,55,-63,-15,57,-67,-13,54,-69,-16,50,-77,-12,46,-82,-12,32,-75,-30,35,-80,-31,29,-77,-38,46,-70,-33,47,-67,-31,50,-63,-29,50,-58,-31,54,-63,-37,54,-67,-37,53,-73,-35,52,-78,-34,51,-81,-35,36,-101,-34,35,-95,-16,37,-98,-17,40,-97,-30,46,-97,-32,55,-57,-14,56,-51,-10,55,-53,-20,64,-45,-24,61,-82,-26,35,-84,-17,37,-80,-17,21,-77,-26,17,-74,-27,49,-63,-18,73,-63,-13,82,-58,-13,77,-53,-15,84,-51,-13,80,-41,-13,77,-50,-23,79,-58,-1,82,-54,0,71,-50,4,75,-44,6,79,-44,3,81,-43,0,81,-46,-4,72,-41,-11,70,-42,-2,66,-49,-5,70,-53,0
7N1P,346,315,315,351,314,311,354,311,312,357,314,313,378,305,289,381,308,299,372,312,299,371,313,294,359,313,292,357,309,294,353,310,294,354,315,297,354,311,299,360,313,298,367,308,295,373,308,293,378,330,287,382,328,290,383,338,287,369,330,299,366,329,298,361,329,299,356,332,299,361,333,307,365,332,307,370,328,306,374,325,306,378,325,307,400,322,297,389,309,286,392,308,289,394,318,297,392,317,303,349,317,295,341,315,293,347,323,297,338,327,305,372,314,311,381,314,285,377,315,286,382,329,276,381,332,272,357,319,293,347,307,312,340,306,318,337,310,315,332,308,319,326,314,313,337,319,317,338,297,310,332,296,312,330,298,299,324,297,300,323,299,305,323,301,308,326,304,310,327,315,305,326,308,299,335,308,298,335,301,300
8RQ0,184,183,179,190,182,181,191,182,185,194,185,182,222,171,193,221,181,192,214,179,187,215,174,185,206,168,182,202,168,186,198,166,183,199,170,179,199,172,184,203,173,183,211,172,188,217,173,190,226,176,170,229,179,172,233,179,162,213,182,168,211,179,168,206,177,167,203,176,163,203,185,164,206,187,166,210,188,172,214,189,175,217,191,176,241,191,183,235,174,192,235,177,194,234,188,185,230,192,186,195,167,176,190,161,175,194,169,169,183,173,164,208,189,186,228,171,185,224,170,183,236,167,169,237,164,165,204,169,175,185,178,187,175,180,187,175,177,182,169,178,184,166,172,176,175,181,174,176,170,194,169,171,195,175,158,190,168,156,189,165,160,188,164,163,186,166,167,185,172,165,174,172,158,179,180,161,181,179,161,189
7QGR,375,333,208,374,338,204,370,338,203,371,337,199,363,363,179,361,354,179,368,352,185,371,357,185,375,358,196,372,356,200,375,355,203,378,352,200,374,351,201,373,352,196,368,357,190,366,360,185,384,358,172,381,356,170,390,355,164,385,345,181,386,347,184,387,346,189,391,345,192,388,337,188,385,337,184,380,340,181,376,341,179,375,341,175,366,353,155,363,367,169,360,364,168,366,353,162,364,348,165,382,352,204,384,354,211,388,348,204,392,339,211,365,340,185,371,365,175,373,363,179,387,369,167,391,371,167,382,354,195,369,340,211,369,334,218,374,336,219,373,332,224,382,335,228,381,330,216,365,344,223,364,341,229,372,354,228,373,352,235,373,347,236,374,343,235,375,340,232,385,342,225,382,350,229,379,351,221,372,352,223
8A3L,225,232,197,224,239,193,220,238,192,223,239,188,211,267,177,213,259,171,218,256,178,220,261,181,222,258,192,218,256,194,220,254,198,225,252,195,221,250,195,221,253,190,215,259,184,214,262,180,235,269,174,233,267,169,243,271,166,237,255,178,236,255,181,237,253,186,240,252,189,241,246,182,239,246,179,234,249,175,230,250,172,230,251,168,223,267,151,213,274,167,211,272,164,221,265,158,220,259,157,227,252,200,227,252,208,234,250,200,239,240,205,219,245,174,220,272,173,221,270,177,235,282,172,238,285,174,228,257,192,217,236,199,217,228,203,222,231,206,220,225,210,227,228,217,230,228,204,209,235,210,209,230,214,212,243,220,213,240,225,214,235,224,216,232,223,218,230,219,229,236,217,223,241,222,221,245,214,214,243,214
1SM1,37,132,110,33,130,115,30,127,116,,,,6,117,135,5,118,127,12,124,128,14,125,131,23,128,132,26,126,131,29,128,132,30,132,128,,,,24,128,128,17,121,130,12,118,132,-2,141,135,0,137,131,-4,147,133,10,142,124,14,141,125,19,142,125,22,146,125,18,145,116,15,143,116,10,137,117,7,133,117,2,132,117,-16,129,128,-5,118,138,-7,116,135,-10,123,127,-7,124,121,33,135,130,,,,33,141,127,41,145,119,13,124,114,2,125,139,6,126,138,-3,141,147,-3,144,150,24,135,132,38,124,115,46,125,109,47,130,112,53,128,109,58,134,113,45,137,109,50,117,118,57,117,117,57,121,129,62,121,128,64,123,123,63,125,119,62,132,119,55,136,122,57,131,128,49,128,130,50,121,128
7JIL,185,172,158,180,167,156,182,164,156,,,,,,,,,,165,149,149,161,149,152,163,156,162,,,,,,,168,163,162,170,160,162,168,157,158,165,148,156,162,143,154,,,,,,,139,157,135,157,165,143,158,165,147,160,169,150,159,174,152,164,173,144,164,170,141,164,164,140,164,159,138,163,157,134,150,138,126,150,131,146,,,,154,139,132,160,141,130,167,167,165,168,169,173,165,173,163,172,184,163,174,153,142,,,,152,145,151,,,,129,151,148,161,163,160,186,164,163,193,170,165,189,174,167,195,176,169,190,184,174,187,181,161,192,163,175,196,166,179,185,165,185,188,169,190,192,172,187,193,175,184,194,177,179,182,181,177,181,176,184,178,170,178,183,165,180
7U2I,73,-60,-22,68,-64,-20,70,-67,-19,68,-69,-23,43,-86,-11,49,-90,-18,51,-81,-18,47,-78,-17,50,-68,-12,54,-68,-9,55,-63,-10,55,-63,-15,58,-67,-13,54,-69,-16,50,-77,-12,47,-82,-12,32,-76,-30,35,-80,-32,29,-77,-38,46,-70,-34,47,-67,-31,50,-63,-29,50,-58,-31,55,-63,-37,54,-67,-38,53,-73,-35,52,-78,-34,51,-82,-36,36,-101,-35,35,-95,-16,37,-99,-17,40,-98,-30,46,-97,-32,55,-57,-15,56,-51,-10,55,-53,-20,64,-45,-24,61,-82,-26,35,-85,-17,37,-81,-17,21,-77,-26,17,-74,-27,49,-63,-18,73,-63,-13,82,-58,-13,79,-53,-14,84,-51,-13,80,-41,-13,77,-50,-23,79,-58,-1,82,-55,0,71,-50,4,75,-44,6,79,-44,3,81,-44,0,81,-46,-4,72,-41,-11,70,-42,-2,66,-49,-5,70,-53,0
5V7Q,158,153,142,164,155,139,165,153,136,169,152,137,191,177,129,192,166,127,184,164,135,184,169,137,174,171,141,170,171,138,166,169,140,169,165,143,168,165,138,174,164,139,179,169,133,,,,195,169,150,,,,,,,187,159,151,183,160,152,178,160,153,176,159,157,179,151,154,182,151,152,186,153,146,189,154,143,,,,213,163,134,202,177,129,204,174,126,,,,203,158,130,,,,158,170,149,164,163,152,155,155,157,183,153,132,,,,192,175,138,202,179,153,203,182,157,173,168,147,157,155,134,149,149,135,148,153,139,143,150,138,138,152,147,151,147,147,146,160,129,139,160,130,140,170,136,134,170,137,132,165,138,133,161,139,136,156,139,142,159,150,139,167,146,147,168,142,145,168,136
5IMQ,187,243,207,191,248,210,188,251,211,188,251,217,201,283,216,192,281,218,194,272,213,200,273,211,204,263,208,204,260,213,204,257,209,201,256,207,199,257,210,198,261,209,200,270,214,200,277,216,196,283,193,192,286,197,191,288,187,188,270,195,191,268,195,192,263,195,192,259,192,183,260,194,182,263,195,182,268,200,181,272,203,180,276,204,183,299,208,200,295,214,197,296,216,186,293,210,181,289,212,202,252,203,208,247,203,199,250,197,195,239,195,182,268,215,201,287,208,202,282,207,203,291,191,206,292,187,201,261,201,193,243,217,190,235,218,192,233,213,191,228,216,196,223,208,187,233,206,201,236,224,201,229,225,212,233,219,213,226,219,209,224,219,206,223,217,201,224,216,202,229,205,210,229,209,208,238,210,209,238,217
7MT2,194,205,159,197,208,153,201,208,154,201,212,153,214,222,124,216,225,132,208,220,136,205,219,132,199,210,133,201,205,135,197,203,138,195,208,140,199,206,141,200,211,139,208,214,133,,,,194,232,126,,,,,,,191,229,138,190,225,138,188,221,141,183,220,142,187,226,148,190,228,148,196,229,145,200,231,143,,,,217,247,125,218,229,118,221,231,120,,,,217,239,134,,,,187,197,140,185,207,143,178,204,154,210,224,147,,,,205,223,123,193,235,113,190,235,110,192,212,135,200,199,155,199,195,164,194,194,162,193,190,166,184,188,165,187,201,164,203,186,156,201,181,159,195,179,147,192,173,151,192,175,156,191,177,160,191,181,162,182,188,156,185,182,151,190,188,147,196,185,147
5ND8,170,224,196,164,226,197,164,228,193,162,231,197,130,234,198,135,242,199,142,235,201,140,231,203,145,221,202,147,220,198,150,217,199,153,220,202,152,221,198,149,225,200,140,229,198,136,232,199,135,235,224,135,241,224,137,239,231,150,235,218,151,231,217,154,227,216,157,224,218,162,233,217,160,236,216,154,239,213,151,242,211,149,246,212,127,258,214,121,242,205,121,246,204,131,252,211,135,255,208,155,215,204,157,207,202,159,215,209,172,212,210,152,242,199,127,235,209,131,232,208,,,,124,229,230,149,219,208,165,221,189,174,220,185,174,216,189,179,214,186,182,207,192,179,219,198,166,213,180,169,207,177,162,200,182,167,195,181,171,198,181,174,200,182,177,205,184,174,203,196,169,198,191,162,204,193,161,205,185
8BUU,138,192,163,140,199,163,139,200,167,136,203,164,151,231,168,142,231,168,144,223,164,148,223,161,154,214,159,154,211,164,155,207,161,151,207,158,150,207,163,148,212,161,150,220,166,150,226,166,145,232,144,141,234,146,140,236,137,138,219,147,141,216,147,142,212,147,142,208,143,133,209,146,132,212,147,132,217,152,132,221,154,130,225,155,132,250,157,149,244,164,146,245,167,135,243,159,130,239,162,153,202,155,158,197,155,150,200,150,145,189,147,133,217,166,151,236,158,151,232,157,153,241,141,156,241,137,151,211,153,144,194,170,141,185,171,143,184,166,142,178,170,147,173,160,138,183,159,152,186,177,154,180,178,164,184,172,165,178,172,161,174,172,158,173,170,152,173,169,153,179,157,161,180,161,159,188,162,160,188,170
8HTZ,238,243,195,246,243,193,246,246,195,248,248,191,280,244,189,275,252,185,268,246,186,270,241,186,263,233,191,262,235,196,258,232,196,256,233,192,258,238,195,259,238,191,269,242,191,274,243,189,273,235,168,273,240,166,273,235,157,259,239,171,258,236,174,254,234,176,250,231,176,247,239,172,250,242,171,256,246,173,259,249,173,262,251,171,284,257,164,289,247,180,289,251,180,281,255,170,276,259,171,252,229,193,250,223,198,248,227,188,235,227,188,259,255,184,282,240,179,278,238,181,283,229,165,283,224,163,259,231,187,244,243,202,236,245,207,235,239,204,230,240,209,226,230,207,230,238,196,243,239,216,239,238,219,245,227,218,240,224,222,236,227,221,233,229,219,233,232,215,233,225,205,238,222,211,244,226,207,246,230,213
8VS9,275,218,254,282,220,255,284,219,252,286,216,255,318,228,260,314,220,259,306,222,261,306,227,264,297,233,262,295,233,257,290,234,258,289,231,263,290,230,258,294,228,260,303,228,259,309,229,260,310,226,283,313,221,281,312,220,291,297,218,278,295,221,276,290,222,275,286,223,277,286,214,276,290,213,275,296,212,272,300,211,271,304,209,271,328,209,275,326,227,266,327,224,264,324,212,271,320,208,268,284,233,264,279,239,262,280,231,268,268,227,268,300,211,258,317,230,269,313,230,269,317,233,287,316,235,291,292,231,267,280,223,247,271,221,244,269,224,248,264,223,244,258,229,250,266,219,255,275,232,238,270,232,235,272,244,242,266,246,240,263,242,240,261,238,240,262,234,242,262,235,254,265,242,250,273,239,252,275,240,245
5WF0,219,175,192,225,177,192,227,177,188,230,174,190,258,190,185,257,180,185,249,181,190,250,186,192,240,191,194,237,192,190,232,193,192,233,188,196,232,187,193,237,186,193,246,188,188,252,188,187,258,185,208,261,180,205,265,179,216,247,176,208,244,179,207,239,180,207,235,181,211,236,172,209,240,170,207,244,171,203,248,170,200,252,169,199,276,171,195,270,188,188,271,185,185,270,173,192,266,169,191,229,191,199,223,196,199,227,188,205,216,183,208,244,170,188,263,190,194,258,190,195,268,193,211,269,195,215,238,189,201,220,181,185,211,178,184,210,180,188,205,179,186,200,184,195,210,176,197,212,189,178,206,188,177,210,201,183,203,202,183,201,198,183,200,194,185,201,190,186,206,191,198,206,198,193,215,196,192,214,197,185
7N30,346,315,316,351,314,311,354,311,312,357,315,313,378,305,290,381,308,299,372,312,299,371,313,294,359,313,292,357,309,294,353,310,294,354,315,297,356,311,299,359,313,298,367,308,295,373,308,293,377,330,288,382,328,290,383,338,287,369,330,299,366,329,298,361,329,299,356,332,299,361,333,307,365,332,307,370,328,306,374,325,306,378,325,307,400,322,297,389,309,286,392,308,289,394,318,297,392,318,303,349,317,296,341,315,293,347,323,297,338,328,305,372,314,311,381,314,285,377,315,286,382,329,276,381,332,272,357,319,293,347,307,312,339,306,318,337,310,315,332,308,319,325,314,313,337,319,317,337,297,310,332,296,311,330,298,299,324,298,300,323,299,305,323,301,308,325,304,311,327,315,305,326,308,299,334,308,298,335,301,300
8HU1,238,242,195,245,242,193,246,245,195,247,246,191,280,242,188,275,250,184,268,244,185,270,239,185,263,232,191,262,234,196,258,231,196,255,232,192,256,236,194,259,237,191,268,240,191,274,241,189,272,233,167,273,238,166,272,233,156,258,237,170,257,235,173,253,232,176,249,229,175,247,237,172,249,240,171,255,244,172,259,247,173,261,249,171,284,255,163,289,245,179,289,249,179,280,253,169,276,257,170,252,227,193,250,222,198,247,225,188,235,225,188,259,253,184,282,238,179,278,237,180,282,227,165,283,222,163,258,229,186,244,242,202,236,243,207,235,238,204,230,239,209,226,229,207,229,237,197,243,239,216,239,237,220,245,226,218,240,223,222,236,226,221,233,228,219,232,231,215,232,224,205,238,220,212,244,224,207,246,228,213
7S1H,227,242,215,227,245,223,225,248,222,230,251,224,222,263,253,228,268,246,228,260,241,227,256,247,224,246,243,219,247,239,219,242,238,225,241,237,221,246,235,226,248,237,222,255,243,223,258,248,243,252,257,245,258,256,253,253,260,244,249,243,242,246,242,240,242,239,242,237,237,246,244,233,246,248,234,244,254,236,243,258,238,245,261,239,246,278,258,228,270,261,228,274,259,241,274,254,241,275,247,224,236,235,220,230,235,230,232,234,233,226,224,233,263,232,230,261,259,229,257,256,241,252,269,243,249,273,229,242,242,219,244,219,218,241,210,220,235,212,217,235,206,219,224,209,228,233,211,206,240,215,203,235,212,202,230,223,200,225,218,202,225,213,205,225,211,210,227,210,218,223,217,210,222,221,213,229,226,207,233,224
5GAE,245,246,228,251,244,229,252,245,233,255,248,230,285,235,240,282,244,240,275,242,234,276,237,232,267,231,229,263,230,233,260,229,230,260,233,226,259,234,230,264,236,230,272,236,236,278,235,237,288,240,216,292,245,218,294,244,206,274,246,216,272,243,216,267,241,215,264,240,211,264,250,213,267,251,214,271,251,220,275,252,223,278,254,224,302,254,231,296,237,238,296,240,241,295,251,233,291,255,234,257,231,223,251,225,222,255,233,217,244,237,212,269,252,235,289,234,231,285,234,230,297,231,215,298,228,211,265,232,222,246,241,235,236,243,236,236,240,230,230,242,232,227,236,224,236,245,222,238,233,241,233,229,242,236,221,237,230,219,236,227,223,236,226,226,234,227,230,232,233,229,221,233,222,226,242,225,228,240,224,235
5WDT,219,176,192,226,179,192,227,178,188,230,175,191,258,191,186,257,181,185,249,182,190,250,187,193,240,192,195,237,193,191,233,193,193,233,189,196,233,189,192,238,187,193,246,188,189,252,189,188,259,185,209,261,181,206,265,180,217,247,177,208,244,180,207,239,181,208,236,182,211,237,173,210,240,171,208,245,172,203,249,171,200,252,169,199,276,171,196,271,188,189,271,186,186,270,174,193,266,170,191,229,192,199,224,197,199,227,189,205,216,184,208,245,171,188,263,190,195,259,191,196,269,193,212,269,196,216,238,190,201,221,182,186,212,179,184,211,182,189,205,181,186,201,186,195,210,177,197,213,190,178,206,190,177,211,202,183,204,203,184,201,199,184,200,195,185,201,191,186,206,192,198,207,199,194,215,197,193,215,198,185
6GSL,31,284,-21,36,288,-19,35,291,-18,37,294,-22,9,125,196,3,132,200,1,132,190,6,130,188,2,126,178,-1,123,178,-2,123,173,-2,129,173,-5,127,178,-2,129,179,2,126,187,6,126,191,20,143,185,18,146,189,24,152,186,6,147,179,5,144,177,3,143,173,2,144,168,-1,150,172,-1,151,176,0,149,183,0,148,187,1,149,191,17,148,210,18,130,204,16,131,208,13,144,206,7,146,206,-2,128,167,-3,123,161,-2,133,163,-11,137,155,-8,140,191,17,131,194,15,130,190,31,140,186,35,140,183,3,131,173,-21,127,173,-29,127,168,-26,128,164,-32,127,161,-28,126,152,-25,136,160,-26,115,169,-30,113,165,-19,108,160,-23,106,155,-27,109,154,-29,113,154,-29,117,156,-19,124,152,-18,115,152,-13,118,159,-17,113,164
7N2C,346,315,315,351,314,311,354,311,312,357,315,313,378,305,289,381,308,299,372,312,299,371,313,294,359,313,292,357,309,294,353,310,294,354,315,297,354,311,299,360,313,299,367,308,295,373,308,293,378,330,288,382,328,290,383,338,287,369,330,299,366,329,298,361,329,299,356,332,299,361,333,307,365,332,307,370,328,306,374,325,306,378,325,307,400,322,296,389,309,286,392,308,289,394,318,297,392,318,303,349,317,295,341,315,293,347,323,297,338,327,305,372,314,311,381,314,285,377,315,287,382,329,276,381,332,272,357,319,293,347,307,312,340,306,318,337,310,315,332,308,319,326,314,313,337,319,317,337,297,310,332,296,311,331,298,299,324,297,300,323,299,305,323,302,308,326,304,311,327,315,305,326,308,299,334,308,298,335,301,300
3BBX,-126,-139,-133,-118,-140,-130,-120,-142,-128,-119,-142,-123,-89,-151,-111,-95,-145,-104,-101,-144,-113,-98,-145,-116,-103,-149,-125,-106,-153,-123,-110,-152,-126,-110,-148,-123,-113,-150,-120,-108,-152,-120,-100,-150,-116,-95,-149,-113,-94,-108,-126,-101,-108,-125,-82,-112,-118,-98,-123,-123,-98,-126,-126,-101,-127,-130,-102,-124,-135,-108,-121,-128,-107,-122,-124,-104,-125,-119,-102,-127,-115,-101,-126,-111,-83,-127,-94,-78,-143,-105,-80,-143,-102,-86,-131,-98,-92,-131,-98,-106,-138,-141,-107,-141,-148,-108,-132,-143,-120,-129,-148,-112,-137,-110,-82,-138,-119,-85,-139,-122,-73,-125,-125,-70,-122,-128,-99,-138,-137,-121,-150,-131,-153,-139,-138,-150,-137,-142,-156,-138,-145,-152,-134,-154,-149,-127,-143,-126,-161,-140,-130,-163,-145,-119,-162,-151,-123,-164,-156,-127,-163,-154,-129,-160,-153,-131,-155,-149,-124,-146,-153,-120,-154,-155,-115,-153,-148,-116,-159,-145
3J7Z,170,218,190,173,225,190,172,227,194,169,229,191,184,259,195,175,257,196,177,249,192,182,249,189,187,239,187,188,236,192,189,232,189,185,233,186,184,232,190,182,237,189,183,246,194,184,252,194,179,260,172,176,255,174,175,263,164,172,246,173,175,243,174,176,238,174,177,234,170,168,235,172,166,238,173,166,244,178,166,247,181,164,251,181,166,275,184,184,269,192,180,271,194,169,269,187,164,265,189,187,228,183,192,222,184,184,226,178,179,215,175,166,244,193,186,262,186,186,258,185,188,266,169,191,267,165,185,237,181,176,220,197,172,211,198,175,209,194,174,204,197,180,200,189,171,209,186,184,213,205,185,207,206,196,210,201,197,204,201,194,201,201,189,200,199,189,201,195,187,205,185,194,206,190,192,215,191,193,214,198
8VSA,275,219,254,281,220,256,284,220,253,286,217,257,319,229,261,314,221,259,306,223,261,306,227,264,296,234,262,294,234,257,290,235,258,289,232,262,290,231,258,294,229,260,303,229,259,309,229,259,310,227,283,312,222,281,312,220,291,297,218,277,295,222,276,290,223,275,285,224,277,286,215,276,290,213,275,296,213,272,300,212,271,304,210,271,328,210,275,326,228,266,328,225,264,323,213,271,320,209,267,284,234,263,279,240,262,280,232,269,268,228,268,300,212,258,317,231,269,313,231,269,317,233,287,316,236,291,292,232,267,280,224,248,271,222,243,269,225,248,264,224,244,258,230,250,265,220,255,275,232,238,270,233,235,272,245,242,266,246,240,263,243,240,262,239,241,262,235,242,262,236,254,265,243,250,273,240,252,275,241,245
4L71,-20,134,171,-15,133,175,-16,131,178,-14,135,180,9,124,197,4,131,201,2,132,191,6,130,189,3,125,179,-1,122,179,-2,122,174,-2,128,174,-5,126,178,-1,128,180,2,125,188,6,125,193,23,142,186,18,145,190,24,151,187,6,146,180,6,143,178,3,142,174,2,143,169,-1,149,174,-1,150,178,0,147,184,0,147,189,2,148,192,17,147,211,18,129,206,16,130,209,13,143,208,7,144,207,-2,127,168,-3,122,162,-2,132,164,-11,136,156,-8,139,193,18,130,195,15,129,191,32,139,187,35,139,184,3,130,174,-20,126,175,-29,126,170,-25,127,165,-31,126,163,-27,126,153,-25,135,161,-26,114,170,-30,112,166,-19,107,161,-23,105,156,-26,108,156,-28,112,155,-28,116,157,-19,123,153,-17,114,153,-12,117,160,-17,112,165
7TOS,221,166,182,227,168,181,229,167,177,232,165,179,259,182,173,258,172,173,251,173,178,251,178,181,242,183,183,238,183,179,235,184,182,235,180,185,235,179,181,239,177,181,247,179,177,254,180,176,262,176,196,264,173,194,267,171,204,249,168,196,246,170,196,241,172,196,238,172,200,239,163,198,242,162,196,247,162,191,250,162,188,254,160,187,278,163,183,271,180,176,272,177,173,272,165,180,268,161,179,231,182,188,225,187,188,229,180,194,218,174,198,246,162,177,265,181,182,260,181,183,270,184,199,271,187,203,239,181,189,222,172,175,213,169,173,212,171,178,206,170,176,202,175,185,212,166,186,213,180,168,207,181,167,211,191,173,205,192,174,202,188,173,201,185,175,202,180,176,207,181,187,208,189,183,216,187,182,215,188,174
8P17,219,214,172,220,208,168,223,209,167,221,209,163,229,180,149,228,188,144,223,191,152,221,187,154,219,188,165,224,190,168,221,192,172,217,194,169,221,196,169,220,194,164,225,188,158,226,184,153,205,181,147,206,184,141,197,180,139,204,194,152,205,194,155,205,196,160,201,197,164,202,204,157,203,203,154,208,201,150,211,199,146,212,199,142,217,183,124,226,174,139,228,176,136,220,185,130,221,191,131,214,194,174,215,194,182,208,197,175,204,207,181,223,203,149,220,176,146,219,178,150,204,169,144,200,166,146,213,190,167,226,209,174,228,217,180,223,215,182,225,220,186,217,217,193,214,218,180,235,209,185,235,211,191,231,200,194,231,203,201,230,207,200,228,210,198,226,213,195,215,209,193,220,203,197,221,200,189,229,200,189
5WE6,217,172,189,223,175,189,225,174,185,228,172,187,259,187,183,255,177,182,247,179,187,248,184,189,238,188,191,235,189,187,231,190,189,231,186,193,231,185,188,236,183,189,244,185,185,250,186,184,257,182,205,259,177,202,262,177,213,245,174,205,242,177,204,237,178,204,233,178,208,234,169,206,238,168,204,242,169,200,246,168,197,250,166,196,274,168,193,268,185,185,269,182,183,268,171,190,264,166,188,227,188,196,221,194,196,225,186,201,213,180,204,242,168,185,261,187,191,256,187,192,266,190,208,266,192,212,235,187,197,218,179,182,209,175,180,208,178,185,203,177,183,198,182,191,208,173,193,210,186,174,204,186,173,208,198,179,201,200,180,199,195,180,198,191,181,199,187,182,203,188,194,204,196,190,213,194,189,212,194,181
3PIP,38,132,111,32,131,115,32,128,114,,,,7,118,136,5,118,127,12,124,126,15,125,133,23,129,133,28,125,132,31,128,131,29,132,128,,,,24,128,127,17,122,131,12,120,133,-2,140,137,0,138,131,-4,147,134,10,142,124,14,142,125,19,143,125,22,147,125,18,146,116,15,144,116,10,138,117,7,135,116,3,134,116,-18,127,126,-4,118,138,-6,116,135,-11,124,126,-8,123,121,33,135,130,,,,33,141,128,41,146,119,13,124,114,2,127,139,6,128,138,-3,142,146,-3,145,150,24,135,131,39,124,115,46,125,108,47,130,113,53,128,108,58,136,113,45,138,108,50,117,118,56,118,117,56,121,129,63,122,128,63,123,123,63,125,120,59,128,115,55,137,121,58,132,128,49,129,128,51,122,128
8RPY,180,180,176,187,179,178,188,180,182,191,181,179,219,168,191,218,178,190,210,176,184,212,171,182,202,165,179,199,165,183,195,164,180,196,167,177,196,169,181,199,171,180,207,169,186,213,170,187,223,172,168,225,176,169,229,176,160,210,179,165,208,176,166,203,174,165,200,173,161,200,183,162,203,184,164,207,185,169,210,186,173,214,188,174,237,187,181,231,171,189,232,174,192,231,185,183,227,189,184,192,164,173,186,158,173,191,166,167,180,170,162,205,187,184,225,168,183,221,167,181,233,164,167,234,161,163,201,166,173,181,175,185,172,178,184,171,175,180,166,176,181,163,169,173,172,179,171,173,167,191,166,168,192,171,155,187,165,154,187,162,157,186,161,161,184,162,165,182,169,163,171,169,156,177,177,159,179,176,159,186
8PHJ,227,233,260,228,240,262,232,239,264,229,240,268,240,271,276,239,263,282,233,259,276,231,263,272,229,260,262,233,257,259,230,255,256,226,253,259,231,252,260,230,254,264,235,261,269,237,266,273,217,272,280,217,270,285,208,273,287,214,257,277,215,256,273,214,254,269,210,252,266,211,246,274,213,247,277,218,251,280,222,253,283,222,254,287,229,273,302,238,279,285,240,277,288,231,270,296,232,263,296,223,252,254,223,251,246,217,250,255,212,238,251,233,248,281,231,276,278,230,273,275,215,284,280,211,287,278,222,258,261,235,237,257,235,228,252,230,230,250,232,224,247,224,226,240,222,227,253,242,235,245,243,231,240,239,242,234,238,238,229,237,233,230,235,231,232,233,228,237,222,234,238,228,239,233,229,244,241,237,243,240
8G2U,178,189,197,182,195,197,185,194,199,183,197,203,201,225,202,198,220,209,192,216,204,191,218,199,188,213,190,191,208,189,188,206,186,184,206,189,188,205,192,187,208,194,195,214,197,197,219,199,177,235,204,178,228,203,172,239,206,173,219,204,174,218,200,172,214,197,168,212,194,167,209,203,169,211,206,175,214,209,179,215,211,180,218,214,191,238,223,201,235,206,203,234,210,193,232,218,191,227,221,181,205,185,180,201,178,174,204,185,166,194,185,188,207,212,194,232,201,192,228,199,181,244,197,179,246,194,181,212,189,187,189,194,185,180,193,181,182,189,181,175,188,174,176,180,172,183,192,194,181,184,193,176,181,193,185,172,191,180,168,189,176,171,186,175,174,182,174,179,175,184,176,182,185,171,184,191,176,191,188,177
8C90,,,,,,,,,,,,,163,172,164,162,178,170,172,177,173,174,172,170,184,172,168,186,176,165,190,176,166,,,,,,,,,,176,177,167,169,175,165,170,157,179,168,161,182,164,151,187,177,166,187,180,166,185,186,168,184,190,166,186,186,171,193,182,172,193,176,174,189,171,175,187,167,174,188,145,166,182,154,166,164,151,170,165,151,169,179,152,174,182,,,,,,,,,,,,,172,186,181,162,164,168,167,165,167,164,147,173,166,143,173,187,170,173,206,198,162,217,207,163,,,,,,,,,,,,,,,,,,,,,,,,,,,,,,,,,,,,,214,223,212,209,202,156,204,198,154
5J7L,-33,135,171,-28,133,175,-30,132,179,-28,136,181,-6,122,203,-13,129,203,-14,130,194,-10,127,192,-12,123,181,-16,120,181,-17,120,177,-16,126,176,-20,124,178,-17,126,182,-14,124,191,-11,123,196,5,136,189,0,139,191,12,146,192,-5,143,184,-5,141,181,-8,139,177,-7,140,172,-12,147,176,-12,148,180,-12,145,186,-12,144,191,-11,146,194,1,143,215,0,124,210,-2,125,213,-2,138,211,-8,142,210,-16,125,170,-17,120,164,-14,130,167,-21,136,157,-22,138,194,0,125,200,-1,125,196,16,131,194,21,131,192,-10,127,177,-34,127,174,-42,128,168,-38,128,164,-44,128,161,-39,127,152,-35,137,161,-41,116,169,-44,114,164,-34,108,162,-37,106,156,-41,110,155,-42,114,155,-42,119,156,-31,124,153,-30,115,153,-27,116,161,-32,112,165
5DOX,73,-59,-22,67,-63,-20,69,-66,-18,67,-68,-22,43,-86,-11,49,-89,-18,50,-80,-18,46,-78,-16,49,-68,-12,53,-67,-9,54,-63,-9,54,-62,-15,57,-67,-13,54,-69,-15,50,-77,-12,46,-81,-12,32,-76,-29,34,-79,-31,28,-77,-37,46,-69,-33,46,-67,-30,49,-63,-29,49,-58,-30,54,-63,-36,54,-66,-37,52,-73,-35,52,-77,-34,50,-81,-35,35,-100,-34,34,-94,-16,36,-98,-17,39,-97,-30,45,-96,-31,55,-57,-14,56,-51,-9,54,-53,-19,63,-45,-24,61,-81,-26,34,-84,-17,37,-80,-17,21,-76,-26,17,-74,-27,48,-63,-17,73,-62,-13,81,-58,-13,79,-53,-13,84,-51,-13,80,-41,-13,77,-50,-22,78,-58,-1,83,-54,0,71,-50,5,75,-44,6,79,-43,3,80,-43,0,81,-45,-4,71,-41,-11,70,-41,-2,65,-49,-4,69,-53,0
8WI8,241,227,209,248,225,210,248,227,214,251,229,211,282,216,215,279,225,216,271,223,212,271,218,209,262,212,208,259,211,212,254,211,210,255,214,207,254,215,211,259,217,209,268,216,214,274,216,214,279,217,193,,,,,,,267,225,193,265,223,193,260,221,194,256,220,190,257,230,191,260,231,193,265,232,197,269,233,200,,,,298,233,204,293,217,213,294,221,215,,,,288,235,209,,,,244,206,205,248,214,198,236,218,195,266,233,212,,,,280,214,205,289,210,189,289,207,185,259,213,202,242,222,217,233,225,219,233,220,215,226,223,219,221,218,209,231,226,206,233,214,226,227,213,227,232,203,222,225,201,222,222,205,222,221,209,220,223,213,218,226,211,207,228,204,212,236,206,212,236,206,220
4V6F,-20,135,170,-14,134,174,-16,132,177,-14,136,179,9,124,197,4,132,200,2,132,191,6,130,188,3,126,178,0,123,178,-1,123,174,-1,128,173,-4,127,178,-1,128,179,2,125,188,6,126,192,21,143,186,18,146,189,24,151,187,7,147,180,6,144,177,3,142,173,3,144,168,-1,150,173,0,150,177,0,148,183,1,147,188,2,149,191,17,148,211,18,130,205,16,131,208,13,143,207,7,145,206,-1,128,168,-2,123,161,-1,133,164,-10,137,155,-7,139,192,18,131,194,15,130,191,31,139,187,35,140,184,4,131,173,-20,126,173,-28,127,169,-24,127,164,-31,126,162,-27,126,152,-23,136,161,-25,114,169,-30,114,166,-18,108,161,-22,106,155,-26,109,155,-27,113,155,-27,117,156,-18,124,152,-16,115,153,-12,118,160,-16,112,164
4V48,,,,,,,,,,,,,76,-7,-16,74,-17,-16,68,-14,-9,68,-10,-8,62,-3,-6,60,-2,-9,56,-1,-8,55,-2,-3,56,-5,-5,59,-7,-5,65,-10,-12,69,-10,-16,,,,,,,82,-16,20,67,-21,13,65,-17,10,60,-15,8,54,-13,9,51,-29,13,53,-29,8,58,-30,5,62,-30,0,66,-30,-2,99,-26,-6,92,-10,-8,88,-13,-9,85,-23,-10,78,-26,-10,47,-4,0,42,-3,3,42,-11,11,33,-13,8,57,-25,-7,83,-3,-6,78,-5,-6,83,-7,11,87,-6,16,52,-5,5,40,-15,-15,28,-22,-9,24,-20,-7,18,-19,-5,14,-17,0,23,-18,0,30,-10,-23,23,-8,-23,26,8,-15,20,6,-12,15,4,-11,12,0,-11,11,-5,-10,16,-7,0,19,5,-4,23,1,-8,29,2,-11
7MSM,194,205,162,197,208,156,201,208,157,200,212,156,214,222,127,216,225,135,208,220,139,205,219,134,198,210,136,201,206,138,197,204,140,195,208,143,198,206,144,200,211,142,208,214,136,,,,194,232,129,,,,,,,191,229,141,190,226,141,188,222,143,183,220,144,186,226,151,189,228,150,196,230,147,200,231,146,,,,217,247,128,218,230,121,221,232,123,,,,216,240,137,,,,187,197,143,184,207,145,178,204,156,210,224,150,,,,205,223,126,194,235,115,190,236,112,192,212,138,200,200,158,198,195,166,193,194,164,193,191,169,183,188,167,186,201,166,202,186,158,200,181,161,195,179,150,192,174,153,191,175,158,190,177,162,190,181,164,182,188,158,185,182,153,190,188,149,196,185,150
6YEF,137,136,156,138,129,152,136,130,149,134,126,151,143,100,133,134,101,136,138,107,142,143,106,143,150,114,147,150,118,144,152,121,147,149,120,152,147,122,148,145,117,147,144,110,140,143,105,137,143,91,156,136,90,155,139,84,163,137,104,161,140,107,161,142,111,162,144,113,167,134,114,167,132,111,165,130,108,159,129,106,155,126,103,154,123,80,142,139,87,133,136,87,131,126,87,142,122,92,142,153,123,155,159,128,155,152,123,161,149,133,169,127,114,145,144,92,141,146,96,142,,,,153,79,157,150,114,154,141,136,147,139,146,149,143,145,154,142,151,153,150,152,161,140,143,162,148,146,140,150,152,142,162,146,143,164,152,145,160,155,147,157,156,149,152,155,152,156,146,161,162,146,154,159,139,151,158,141,145
6N1D,87,-132,-163,90,-131,-170,89,-129,-173,90,-133,-175,116,-123,-191,109,-130,-195,108,-131,-186,112,-129,-183,109,-124,-173,105,-120,-174,104,-122,-169,104,-126,-169,101,-124,-171,104,-127,-175,108,-124,-183,112,-124,-188,126,-144,-182,123,-145,-186,129,-151,-183,112,-145,-175,111,-142,-173,108,-141,-169,108,-142,-164,103,-148,-169,103,-149,-173,104,-147,-179,105,-146,-183,106,-147,-187,123,-147,-206,124,-129,-200,122,-130,-203,118,-142,-202,112,-144,-202,104,-126,-163,103,-120,-157,103,-131,-159,95,-135,-151,97,-137,-187,123,-131,-190,121,-129,-187,137,-139,-183,141,-140,-180,109,-129,-169,86,-124,-167,78,-121,-164,81,-119,-159,75,-121,-158,78,-123,-148,81,-133,-156,80,-111,-163,75,-109,-159,88,-105,-156,85,-103,-152,82,-106,-150,79,-110,-150,76,-113,-150,87,-121,-147,89,-112,-148,94,-114,-155,90,-110,-160
4W29,24,-166,92,20,-168,96,20,-172,97,17,-176,97,4,-186,125,2,-189,116,5,-180,112,4,-176,116,10,-168,116,16,-169,117,17,-165,115,15,-164,110,17,-169,111,12,-170,110,10,-177,117,6,-182,121,-14,-169,117,-14,-174,114,-23,-170,112,-5,-168,103,-2,-166,104,1,-163,102,1,-158,100,0,-164,94,-2,-168,94,-3,-173,97,-3,-178,99,-6,-181,98,-21,-195,114,-8,-189,128,-8,-193,126,-14,-193,115,-11,-194,109,15,-159,109,21,-153,111,13,-155,105,18,-150,94,7,-185,100,-6,-180,125,-3,-176,123,-20,-169,125,-22,-165,126,9,-162,112,27,-168,99,36,-168,93,36,-162,94,40,-162,91,39,-152,90,28,-159,86,41,-166,104,46,-163,103,44,-157,113,48,-153,110,48,-154,106,47,-154,101,44,-156,97,33,-148,98,38,-148,107,32,-153,109,37,-159,111
5J8B,213,10,451,212,18,449,208,18,451,206,19,446,203,50,442,197,43,438,204,38,440,208,41,440,217,37,446,215,35,451,219,32,452,219,29,447,214,30,449,213,32,446,208,40,446,206,45,443,213,45,421,209,43,421,214,44,413,213,30,426,216,29,429,219,26,432,223,23,432,216,19,429,212,20,427,207,25,428,204,28,428,201,30,425,190,50,416,199,58,432,194,57,432,192,48,423,190,42,424,224,27,448,229,26,454,227,23,444,229,10,446,197,27,439,208,52,433,210,49,435,219,55,419,223,56,417,220,32,442,211,17,458,211,8,463,217,8,459,217,3,465,227,1,464,219,3,453,214,16,471,217,13,476,226,22,475,229,17,479,227,12,478,227,10,476,224,7,472,231,9,462,232,15,468,228,20,463,223,22,469
6VWL,307,289,321,310,283,320,308,282,316,306,278,319,322,250,314,312,251,313,314,259,318,318,258,320,323,268,323,324,271,319,325,275,322,321,275,325,319,274,320,318,271,321,320,262,316,320,256,316,314,247,337,311,243,335,310,243,346,308,261,336,311,264,335,312,269,336,312,272,339,303,272,337,302,268,335,302,263,331,302,260,327,300,256,327,303,232,322,320,238,316,317,238,313,306,238,320,301,242,318,323,279,328,328,285,328,320,281,334,315,292,337,303,264,316,321,245,323,322,250,324,324,240,339,326,239,344,321,270,329,313,288,314,310,297,312,313,298,318,312,304,315,316,308,324,307,298,325,318,296,309,324,301,307,332,299,313,334,305,313,330,308,313,326,309,315,321,308,315,322,303,327,330,302,323,328,294,322,329,294,314
8HSP,238,243,195,245,242,193,246,246,195,247,247,190,280,243,188,275,251,184,267,245,185,269,240,185,263,233,190,261,234,195,258,231,196,255,232,191,255,235,194,259,237,190,268,241,190,273,242,188,271,234,167,272,240,165,272,234,156,258,238,170,257,235,173,253,233,176,249,230,175,246,238,172,249,241,171,255,245,172,258,248,172,261,250,170,283,256,162,288,246,179,289,250,179,280,254,169,275,258,170,252,228,192,249,223,197,247,226,187,234,226,188,258,254,183,281,239,178,277,237,180,282,228,164,282,223,162,258,230,186,244,243,202,235,244,206,234,238,203,230,240,208,226,230,207,229,238,196,243,239,215,239,237,220,245,226,218,240,224,222,236,226,221,233,228,219,232,232,214,232,224,205,237,221,211,244,225,207,246,229,213
4V63,-18,136,169,-15,134,174,-16,133,177,-14,137,179,10,126,196,4,133,199,2,133,190,6,131,187,3,127,177,0,124,177,-2,124,173,-2,129,173,-5,127,175,-1,130,179,2,126,187,6,126,191,23,144,184,18,146,189,24,152,185,7,148,179,6,145,176,3,143,172,2,145,167,-1,151,172,0,152,176,0,149,183,1,149,187,2,150,191,18,149,210,19,131,204,17,132,207,14,144,206,8,146,206,-2,129,167,-3,124,161,-2,134,163,-11,138,155,-7,140,192,18,132,193,16,131,190,32,140,185,36,141,182,3,132,173,-20,127,173,-29,127,169,-26,128,165,-31,127,162,-28,127,152,-24,137,161,-26,115,169,-29,114,166,-19,109,161,-22,107,155,-26,110,155,-28,113,155,-28,118,157,-20,125,152,-18,116,152,-13,118,159,-17,113,164
7S9U,144,153,141,142,154,148,140,157,146,138,159,144,151,189,149,142,188,149,144,180,145,149,181,142,156,171,140,156,168,144,157,164,143,153,164,140,152,164,143,150,169,142,151,177,147,151,184,147,147,190,124,143,191,128,143,194,117,139,176,126,142,173,127,144,168,127,145,165,123,135,165,125,134,168,126,133,174,131,133,178,134,130,181,134,131,207,138,148,202,146,145,203,148,134,200,140,130,196,142,156,160,136,162,154,136,153,157,130,149,146,127,133,174,147,151,194,139,152,190,138,154,200,122,157,200,118,154,168,134,153,148,153,150,139,155,152,140,151,147,134,154,149,131,144,141,139,137,,,,,,,,,,,,,,,,,,,,,,,,,,,,,,,,,
4V9K,15,-166,89,11,-168,94,12,-171,95,8,-174,94,-4,-185,122,-5,-189,112,-3,-180,109,-4,-177,113,2,-168,113,7,-169,113,9,-165,111,5,-165,107,8,-170,107,3,-171,106,1,-177,114,-2,-182,117,-22,-171,113,-21,-175,111,-31,-170,110,-14,-168,100,-11,-166,101,-7,-163,100,-7,-158,98,-8,-164,91,-10,-168,91,-11,-173,95,-12,-177,97,-14,-181,97,-29,-195,111,-16,-190,125,-16,-194,123,-22,-193,111,-18,-194,106,7,-159,106,13,-154,108,5,-155,102,9,-149,92,-1,-185,97,-14,-181,122,-11,-177,120,-28,-169,123,-31,-165,125,0,-163,108,21,-169,96,27,-167,90,24,-162,91,31,-162,88,30,-150,88,19,-158,84,32,-167,101,38,-164,97,34,-157,109,39,-153,107,40,-154,102,38,-154,98,36,-154,94,25,-148,95,29,-149,103,23,-154,106,29,-160,107
5AKA,37,-22,12,44,-19,12,44,-20,8,48,-23,6,75,-6,4,75,-17,3,66,-14,9,67,-10,11,58,-5,14,55,-4,9,51,-6,11,53,-10,12,51,-12,8,55,-9,7,64,-9,7,70,-9,6,80,-16,31,78,-21,27,83,-17,36,65,-20,27,62,-17,27,57,-16,27,54,-16,31,55,-25,29,58,-26,27,63,-26,22,67,-26,19,70,-28,19,94,-26,14,88,-8,7,89,-11,4,88,-23,11,84,-28,10,47,-6,18,41,0,19,45,-8,24,34,-14,28,62,-26,7,80,-7,13,76,-7,14,86,-3,30,86,-1,34,56,-7,20,39,-16,5,29,-20,3,28,-16,8,23,-18,6,18,-13,14,28,-22,16,30,-8,-1,23,-7,-2,28,3,2,21,4,2,18,0,2,17,-3,4,19,-9,7,23,-7,17,24,0,13,32,0,12,32,0,4
8C96,,,,,,,,,,,,,165,172,163,163,178,171,172,176,173,177,172,171,,,,,,,,,,,,,,,,,,,176,177,167,170,175,165,,,,,,,163,152,187,177,166,187,181,167,185,186,168,184,190,166,185,186,172,193,182,172,193,176,174,189,172,175,187,167,174,188,146,166,182,154,166,165,151,169,166,151,169,179,153,174,182,,,,,,,,,,,,,172,186,182,,,,,,,204,143,155,202,140,146,203,233,119,,,,,,,,,,,,,,,,,,,,,,,,,,,,,,,,,,,,,,,,,,,,,,,,,,,
4TUD,-21,135,170,-15,134,174,-16,133,177,-14,136,180,9,125,197,4,133,200,1,133,191,6,131,188,3,126,178,-1,123,178,-2,124,174,-1,129,173,-5,127,177,-1,129,179,2,126,188,6,126,192,22,143,185,18,146,189,24,152,186,6,148,180,6,145,177,3,143,173,2,145,168,-1,151,173,-1,151,177,0,149,183,0,148,188,2,150,191,17,148,211,18,131,205,16,131,208,13,144,207,7,146,206,-2,128,167,-3,123,161,-2,133,163,-11,138,155,-8,140,192,18,131,194,15,131,191,31,140,187,35,141,184,3,132,173,-20,127,174,-29,127,169,-25,127,164,-31,127,162,-27,127,152,-24,137,161,-26,115,169,-30,114,166,-19,108,161,-22,107,155,-26,110,155,-28,113,155,-28,117,157,-19,125,152,-17,116,153,-12,118,160,-17,113,164
4V8J,-19,135,170,-14,133,173,-16,132,176,-14,135,178,10,124,196,5,132,199,2,132,190,7,130,187,4,126,177,0,123,177,-1,123,173,-1,128,172,-3,126,177,0,128,178,3,125,187,7,125,191,22,143,185,19,145,189,25,151,186,7,147,179,7,144,176,4,142,172,3,143,167,0,150,172,0,151,176,1,148,182,1,148,187,2,149,191,18,148,210,19,130,204,17,131,207,14,143,206,8,145,206,-1,127,167,-2,122,161,-1,132,163,-10,137,155,-7,139,191,19,130,193,16,130,190,32,139,186,36,140,183,4,131,172,-19,126,173,-28,126,168,-25,127,164,-30,126,161,-26,126,151,-23,135,160,-25,114,168,-29,113,165,-18,108,160,-21,106,154,-25,109,154,-27,112,154,-27,116,156,-19,123,151,-16,115,152,-12,117,159,-16,112,163
5DM6,38,133,111,32,131,116,32,128,114,,,,8,118,136,5,120,128,12,124,127,13,127,132,24,129,134,28,126,132,31,129,132,29,133,129,,,,25,129,128,18,122,132,12,121,134,1,141,136,0,140,133,-3,148,135,11,143,125,14,143,126,19,144,125,22,148,125,18,147,117,15,145,117,11,139,118,7,136,118,3,136,117,-17,127,127,-4,119,139,-6,117,136,-10,125,127,-8,124,122,33,136,131,,,,34,142,129,42,148,120,13,125,114,2,127,140,7,128,139,-2,142,148,-2,146,151,24,136,133,39,125,116,47,126,110,47,131,113,53,129,109,58,137,114,46,139,109,51,118,119,56,119,118,56,122,130,63,123,129,64,124,124,63,126,121,61,129,117,55,138,122,58,133,129,50,131,129,51,124,128
6VYT,292,291,257,292,298,253,289,297,251,294,299,247,286,326,233,290,319,228,292,315,237,292,321,240,289,318,251,284,315,251,285,314,256,290,312,256,286,310,251,290,313,249,286,318,242,287,322,238,308,329,241,308,329,236,318,333,238,309,316,245,307,316,248,305,314,253,307,312,258,310,307,251,311,308,247,308,310,242,306,311,237,307,312,234,307,328,216,291,334,225,290,331,221,303,325,220,303,319,220,291,311,261,287,311,268,296,310,264,300,300,271,296,305,234,294,332,234,294,329,238,307,343,240,309,346,243,294,317,255,283,295,255,282,286,260,284,289,264,282,283,266,285,287,276,294,287,266,271,293,262,269,287,265,269,301,272,267,297,277,269,292,277,272,289,276,275,288,274,285,295,277,278,299,278,279,303,270,273,301,267
4V6C,-69,-59,18,-63,-63,17,-64,-66,16,-62,-68,20,-35,-85,10,-42,-87,15,-45,-78,16,-41,-75,15,-44,-65,11,-48,-65,7,-49,-61,7,-50,-61,12,-53,-63,10,-50,-67,13,-45,-75,10,-40,-79,10,-28,-74,31,-33,-73,29,-23,-73,38,-41,-68,32,-42,-65,29,-45,-61,28,-46,-56,29,-51,-61,34,-50,-65,35,-48,-72,32,-47,-76,31,-46,-80,33,-29,-98,32,-28,-90,14,-29,-94,14,-33,-94,27,-39,-94,29,-50,-55,12,-52,-48,8,-51,-51,18,-60,-44,22,-55,-81,23,-29,-80,15,-32,-77,15,-16,-73,25,-13,-69,26,-44,-60,16,-68,-62,10,-77,-58,9,-74,-53,10,-80,-51,9,-77,-40,10,-74,-50,20,-73,-57,-2,-77,-53,-4,-66,-48,-7,-70,-43,-9,-74,-43,-7,-76,-43,-3,-77,-45,3,-68,-40,8,-66,-39,0,-61,-47,2,-64,-51,-3
5LZB,179,193,151,183,196,146,187,196,146,186,201,146,197,206,115,199,212,123,192,207,127,187,207,122,181,198,125,183,194,127,180,192,128,178,196,131,183,194,133,183,199,131,190,201,124,193,205,120,177,221,117,181,224,118,173,231,117,175,218,131,174,214,131,172,210,133,167,208,135,171,214,141,174,216,140,180,217,137,184,219,135,186,222,134,199,235,117,198,218,108,202,219,110,198,228,119,200,227,125,173,192,132,169,185,133,168,196,135,162,193,146,194,211,138,190,214,111,187,211,113,176,223,104,172,223,102,176,200,128,184,187,147,184,183,155,178,182,152,179,178,157,169,176,157,172,189,157,187,174,146,186,169,150,178,167,139,175,162,142,175,163,146,175,165,150,175,169,152,166,176,148,168,170,142,173,177,138,179,173,139
5LZC,180,192,150,183,194,145,187,195,145,186,200,144,197,205,115,200,210,123,193,206,126,188,205,122,182,197,125,184,193,127,180,190,129,179,195,131,184,193,133,184,198,131,191,200,123,194,204,119,178,220,117,181,223,118,174,230,116,176,216,130,175,213,130,172,209,133,167,207,134,171,213,141,175,215,139,181,216,137,185,218,134,187,221,133,199,233,116,199,216,107,202,218,109,199,227,118,200,226,124,174,192,132,170,184,132,168,195,134,163,192,146,194,210,138,191,213,111,188,210,113,177,221,103,173,222,101,176,199,127,185,186,146,184,182,154,178,181,152,179,177,157,169,175,156,172,188,156,187,173,145,186,169,150,179,166,138,176,161,141,176,162,146,176,165,150,176,168,152,166,176,147,168,169,142,173,176,138,180,172,138
6YHS,231,238,214,238,239,212,240,240,215,240,244,212,,,,,,,261,245,205,262,242,202,255,232,202,254,230,208,250,228,206,248,232,204,250,233,208,252,236,206,261,239,207,267,241,205,264,247,184,264,252,184,,,,249,249,190,248,245,191,244,242,192,240,239,190,238,248,193,240,251,194,247,253,196,251,256,198,253,259,197,277,268,193,282,250,199,282,253,201,274,263,197,269,265,200,244,227,202,241,220,203,239,229,197,226,229,199,252,253,210,274,244,195,270,242,196,,,,273,242,172,250,233,198,238,233,219,229,232,224,228,229,220,223,227,224,219,221,217,222,233,213,237,222,228,233,217,230,239,210,222,233,206,224,229,208,226,226,211,225,224,216,224,225,217,211,230,210,214,237,216,213,240,216,220
6O8Y,274,222,235,280,224,234,279,222,231,283,219,231,314,235,227,312,226,225,304,227,230,305,232,234,295,237,237,291,236,232,288,239,235,289,235,239,,,,292,232,234,300,234,229,307,233,229,315,229,251,318,223,250,320,225,257,303,222,250,300,224,249,294,226,249,291,227,253,291,218,251,295,216,250,300,216,245,303,215,241,307,214,241,332,215,235,326,233,228,327,230,225,326,218,234,321,214,231,284,237,241,278,243,241,282,234,247,270,229,251,299,215,229,319,235,235,314,235,237,325,238,252,325,240,256,293,236,242,274,227,227,265,224,227,264,228,230,258,226,229,253,230,238,264,221,240,265,235,222,257,238,220,264,246,226,257,247,225,254,245,226,252,240,227,254,236,228,259,237,240,260,245,236,268,242,235,268,242,227
7NWT,239,238,284,238,233,287,235,233,289,237,233,293,230,203,306,230,211,311,236,215,304,238,210,302,240,212,290,236,214,288,239,215,284,242,218,287,237,219,288,239,218,292,234,212,298,233,208,302,255,206,310,253,206,315,263,205,317,254,219,305,254,219,301,254,221,296,258,222,293,256,229,299,255,228,303,250,225,307,247,224,310,246,223,314,242,207,332,233,197,317,231,199,320,239,208,326,237,214,325,245,219,282,245,218,274,251,222,282,255,233,276,235,227,307,240,199,310,241,202,306,257,193,312,261,191,311,246,215,290,232,233,282,230,241,276,235,239,274,233,244,270,241,242,263,244,243,276,224,232,270,223,237,265,228,224,261,229,227,255,229,232,255,231,235,257,232,238,261,244,234,263,239,227,259,238,224,267,230,224,267
6XZ7,221,222,259,221,228,263,225,227,264,222,228,268,228,257,282,228,249,287,223,245,279,221,250,277,220,248,266,224,246,263,222,245,259,218,242,262,222,241,261,221,242,267,226,248,273,226,252,278,206,255,285,207,254,289,196,254,291,205,241,279,206,241,275,206,239,271,202,238,267,203,231,273,205,232,277,209,235,281,212,237,285,213,237,289,216,253,307,225,263,292,227,261,295,219,252,301,221,246,300,215,241,257,216,242,249,209,238,256,206,228,251,224,234,282,219,260,285,219,258,281,203,267,286,199,269,285,214,246,265,228,227,257,230,219,252,226,221,248,228,217,245,220,219,238,217,217,251,237,229,246,238,226,242,233,237,237,233,234,231,232,229,231,231,226,233,229,224,237,217,227,238,223,233,234,223,237,243,231,236,243
