rcsb_id,uL4-0-x,uL4-0-y,uL4-0-z,uL4-1-x,uL4-1-y,uL4-1-z,uL4-2-x,uL4-2-y,uL4-2-z,uL4-3-x,uL4-3-y,uL4-3-z,uL4-4-x,uL4-4-y,uL4-4-z,uL4-5-x,uL4-5-y,uL4-5-z,uL4-6-x,uL4-6-y,uL4-6-z,uL4-7-x,uL4-7-y,uL4-7-z,uL4-8-x,uL4-8-y,uL4-8-z,uL4-9-x,uL4-9-y,uL4-9-z,uL4-10-x,uL4-10-y,uL4-10-z,uL4-11-x,uL4-11-y,uL4-11-z,uL4-12-x,uL4-12-y,uL4-12-z,uL4-13-x,uL4-13-y,uL4-13-z,uL4-14-x,uL4-14-y,uL4-14-z,uL4-15-x,uL4-15-y,uL4-15-z,uL4-16-x,uL4-16-y,uL4-16-z,uL4-17-x,uL4-17-y,uL4-17-z,uL22-0-x,uL22-0-y,uL22-0-z,uL22-1-x,uL22-1-y,uL22-1-z,uL22-2-x,uL22-2-y,uL22-2-z,uL22-3-x,uL22-3-y,uL22-3-z,uL22-4-x,uL22-4-y,uL22-4-z,uL22-5-x,uL22-5-y,uL22-5-z,uL22-6-x,uL22-6-y,uL22-6-z,uL22-7-x,uL22-7-y,uL22-7-z,uL22-8-x,uL22-8-y,uL22-8-z,uL22-9-x,uL22-9-y,uL22-9-z,uL22-10-x,uL22-10-y,uL22-10-z,uL22-11-x,uL22-11-y,uL22-11-z,uL22-12-x,uL22-12-y,uL22-12-z,eL39-0-x,eL39-0-y,eL39-0-z,eL39-1-x,eL39-1-y,eL39-1-z,eL39-2-x,eL39-2-y,eL39-2-z,eL39-3-x,eL39-3-y,eL39-3-z,eL39-4-x,eL39-4-y,eL39-4-z,eL39-5-x,eL39-5-y,eL39-5-z,eL39-6-x,eL39-6-y,eL39-6-z,25-28S-0-x,25-28S-0-y,25-28S-0-z,25-28S-1-x,25-28S-1-y,25-28S-1-z,25-28S-2-x,25-28S-2-y,25-28S-2-z,25-28S-3-x,25-28S-3-y,25-28S-3-z,25-28S-4-x,25-28S-4-y,25-28S-4-z,25-28S-5-x,25-28S-5-y,25-28S-5-z,25-28S-6-x,25-28S-6-y,25-28S-6-z,25-28S-7-x,25-28S-7-y,25-28S-7-z,25-28S-8-x,25-28S-8-y,25-28S-8-z,25-28S-9-x,25-28S-9-y,25-28S-9-z,25-28S-10-x,25-28S-10-y,25-28S-10-z,25-28S-11-x,25-28S-11-y,25-28S-11-z,25-28S-12-x,25-28S-12-y,25-28S-12-z,25-28S-13-x,25-28S-13-y,25-28S-13-z,25-28S-14-x,25-28S-14-y,25-28S-14-z,25-28S-15-x,25-28S-15-y,25-28S-15-z,25-28S-16-x,25-28S-16-y,25-28S-16-z,25-28S-17-x,25-28S-17-y,25-28S-17-z,25-28S-18-x,25-28S-18-y,25-28S-18-z,25-28S-19-x,25-28S-19-y,25-28S-19-z,25-28S-20-x,25-28S-20-y,25-28S-20-z,25-28S-21-x,25-28S-21-y,25-28S-21-z,25-28S-22-x,25-28S-22-y,25-28S-22-z,25-28S-23-x,25-28S-23-y,25-28S-23-z,25-28S-24-x,25-28S-24-y,25-28S-24-z,25-28S-25-x,25-28S-25-y,25-28S-25-z,25-28S-26-x,25-28S-26-y,25-28S-26-z,25-28S-27-x,25-28S-27-y,25-28S-27-z,25-28S-28-x,25-28S-28-y,25-28S-28-z,25-28S-29-x,25-28S-29-y,25-28S-29-z,25-28S-30-x,25-28S-30-y,25-28S-30-z,25-28S-31-x,25-28S-31-y,25-28S-31-z,25-28S-32-x,25-28S-32-y,25-28S-32-z,25-28S-33-x,25-28S-33-y,25-28S-33-z,25-28S-34-x,25-28S-34-y,25-28S-34-z,25-28S-35-x,25-28S-35-y,25-28S-35-z,25-28S-36-x,25-28S-36-y,25-28S-36-z,25-28S-37-x,25-28S-37-y,25-28S-37-z,25-28S-38-x,25-28S-38-y,25-28S-38-z,25-28S-39-x,25-28S-39-y,25-28S-39-z,25-28S-40-x,25-28S-40-y,25-28S-40-z,25-28S-41-x,25-28S-41-y,25-28S-41-z,25-28S-42-x,25-28S-42-y,25-28S-42-z,25-28S-43-x,25-28S-43-y,25-28S-43-z
7UCK,287,348,318,291,346,315,293,343,314,290,341,316,287,343,320,286,340,315,285,343,314,286,345,310,283,350,316,281,355,319,281,353,324,279,353,326,275,353,327,274,353,324,276,356,318,280,350,318,277,351,316,280,353,313,255,339,319,259,337,320,263,341,324,263,337,330,269,341,331,271,335,330,273,338,333,280,334,331,284,335,330,280,339,331,279,337,327,274,340,328,273,336,326,253,359,338,253,357,324,256,356,328,257,359,332,262,361,332,259,356,336,267,348,338,269,359,328,270,358,321,267,356,319,263,358,317,240,337,333,,,,286,325,332,280,328,326,285,340,333,291,336,337,288,346,335,294,349,332,273,348,311,269,346,311,266,342,312,246,344,343,250,343,334,254,342,334,258,341,336,254,349,341,277,344,334,294,338,337,300,332,334,278,330,319,,,,,,,,,,,,,,,,314,335,324,,,,297,321,318,305,320,317,307,315,320,297,316,321,302,318,331,,,,,,,308,332,327,308,335,331,307,327,334,298,329,333,297,322,329,291,324,326
8Y0W,239,274,260,241,269,262,245,268,261,245,269,257,242,272,257,248,274,258,246,275,261,245,274,265,239,277,264,234,280,264,231,280,258,232,284,256,231,287,256,233,288,259,235,285,265,238,281,261,238,284,264,239,281,268,251,305,255,251,300,252,244,296,251,245,298,244,240,292,246,244,290,243,240,288,242,243,280,241,243,277,243,240,281,245,244,282,246,242,287,247,246,287,247,224,311,250,234,310,260,231,307,256,226,306,255,224,301,256,226,304,250,230,296,245,226,294,259,231,292,264,234,295,265,235,299,267,247,321,242,250,320,249,250,273,236,251,279,242,237,276,243,238,270,237,231,274,245,229,268,249,245,287,267,247,291,265,251,293,262,234,316,237,239,311,244,239,307,244,239,303,242,230,308,242,234,285,246,235,267,239,240,260,238,255,281,249,254,270,250,251,268,253,252,258,256,247,257,253,250,251,255,242,247,249,255,262,255,259,260,245,259,254,245,261,250,239,262,260,240,254,257,233,252,246,240,251,248,244,244,252,244,239,252,242,244,253,235,245,262,237,252,261,237,253,268,240
7MPI,237,204,264,236,210,264,234,212,263,231,210,261,233,205,261,228,207,264,231,206,267,232,208,270,237,203,268,241,198,268,241,195,262,240,192,262,239,189,263,240,189,267,240,195,271,237,198,267,237,197,271,238,201,273,219,179,275,218,183,271,223,183,268,221,181,261,227,185,259,222,187,257,226,187,255,224,195,252,226,198,251,229,194,254,225,195,256,227,190,259,223,191,260,239,165,267,236,170,278,237,173,272,241,171,269,244,175,267,239,171,264,235,176,259,244,182,267,242,188,272,239,186,275,238,183,278,214,159,270,216,162,277,218,201,246,218,198,254,231,197,250,230,199,243,238,198,249,242,203,250,232,197,276,228,193,277,224,192,276,225,158,260,223,167,266,224,171,264,224,174,260,231,166,260,233,189,255,233,202,242,229,210,240,217,200,262,220,210,258,224,211,259,227,221,258,230,219,254,229,226,253,235,226,244,222,218,259,215,217,251,216,223,248,213,226,243,211,217,248,216,215,238,222,226,240,225,225,244,230,220,243,234,218,240,226,216,236,225,209,241,218,212,243,217,207,249
8PV4,275,263,268,270,261,266,267,261,263,269,263,260,270,267,256,275,264,259,275,262,261,275,258,262,278,260,268,281,260,274,281,266,276,284,268,276,288,269,275,288,266,274,286,259,273,282,262,269,285,260,269,282,256,269,304,269,256,300,271,255,297,271,260,296,279,261,293,277,264,289,280,261,287,281,265,279,281,262,276,279,263,280,278,266,281,276,262,286,276,264,287,276,260,310,276,281,311,267,273,307,269,275,306,272,280,302,270,283,304,276,280,,,,295,267,280,292,261,276,296,260,273,300,258,272,320,283,258,320,276,257,272,285,256,278,280,255,275,279,269,270,285,268,273,278,275,268,273,278,288,257,263,292,259,260,293,261,257,315,289,270,310,281,266,305,281,266,301,283,266,307,284,275,284,278,272,266,284,271,259,283,266,280,273,251,269,273,260,264,271,254,260,269,256,256,269,257,252,267,256,246,273,266,233,278,248,236,272,246,241,277,245,244,280,242,247,266,233,249,287,248,245,278,253,246,277,257,252,277,263,252,279,268,252,285,262,260,283,261,263,279,256,267,283,255
6OLZ,259,222,272,256,227,274,253,228,271,252,225,270,253,221,271,249,222,275,252,222,277,254,225,279,260,221,278,265,218,277,265,214,272,264,211,272,263,208,273,265,208,276,264,213,281,260,216,277,261,215,281,261,219,283,247,194,288,246,198,284,251,199,279,248,195,274,253,200,272,247,201,269,250,202,266,247,209,264,249,213,263,252,209,265,249,211,268,251,206,271,247,206,272,269,183,278,264,190,289,266,191,284,269,190,280,272,194,278,267,189,275,261,195,269,270,201,277,267,207,282,265,205,285,265,202,289,247,174,284,246,179,290,239,214,257,241,212,266,254,212,261,251,215,253,260,214,259,263,221,259,256,215,286,253,210,288,249,208,288,255,174,274,252,182,280,253,186,276,252,189,273,261,182,272,257,205,265,254,218,252,249,225,250,240,214,274,241,223,268,245,226,269,245,236,268,248,235,263,245,241,262,250,241,253,241,233,269,234,230,262,233,236,260,230,237,253,229,229,259,234,227,249,238,239,249,241,240,252,247,235,252,251,233,249,243,229,245,244,223,251,237,224,253,237,220,260
6XA1,251,228,271,248,233,271,245,235,270,244,232,267,247,229,268,242,228,271,244,228,274,246,230,277,251,226,275,256,222,275,257,220,269,257,217,269,256,213,270,256,214,273,256,218,278,252,221,274,252,220,278,253,224,280,237,199,281,236,203,277,242,204,273,240,201,268,244,206,266,240,208,264,243,208,261,240,216,258,241,220,258,245,216,261,241,216,263,244,212,265,239,212,267,261,189,273,255,194,283,256,195,278,260,195,275,263,200,274,259,195,270,254,201,264,262,207,273,259,212,279,256,209,282,256,207,285,,,,237,180,275,233,221,252,233,218,261,247,219,257,245,222,249,253,221,256,256,228,257,,,,,,,,,,,,,244,188,271,244,192,270,244,195,266,253,188,266,250,212,261,248,226,248,243,232,246,232,220,269,234,230,264,237,233,266,237,243,265,240,243,261,239,248,260,245,249,251,234,239,266,227,237,258,227,243,256,223,245,250,213,241,255,228,235,245,235,245,246,,,,,,,,,,238,238,242,238,231,247,231,232,249,231,228,255
8I9P,238,213,214,234,217,217,231,216,219,231,212,219,235,211,217,236,212,223,238,214,221,239,218,221,242,216,215,245,215,210,244,209,207,245,206,208,249,205,207,250,208,208,250,215,211,245,212,214,249,214,214,247,218,215,265,199,226,260,199,226,259,201,220,256,195,218,,,,,,,,,,,,,,,,,,,,,,,,,,,,,,,,,,,,,,,,,,,,,,,,,257,206,202,256,212,208,259,211,211,263,212,212,274,185,222,277,189,224,,,,,,,,,,,,,,,,,,,252,215,221,255,212,223,256,209,226,,,,,,,,,,,,,,,,,,,,,,,,,239,201,230,,,,,,,,,,,,,,,,,,,,,,,,,,,,,,,,,,,,,,,,,,,,,,,,,,,,,,,,,,,,
7OHY,208,189,213,207,193,215,204,197,214,205,198,211,209,193,210,206,195,206,204,191,209,200,190,209,204,185,212,206,180,216,213,180,216,214,178,213,214,176,210,211,174,213,204,176,214,207,182,212,203,179,211,201,181,212,206,167,189,208,173,190,,,,,,,,,,,,,,,,,,,,,,,,,,,,,,,,,,,,,,,,,,,,,,,,,,,,,,,213,166,213,206,170,213,204,168,208,202,164,208,219,155,179,211,153,180,,,,,,,,,,,,,,,,,,,199,178,206,199,176,201,200,177,196,,,,,,,,,,,,,,,,,,,,,,,,,211,191,194,,,,,,,,,,,,,,,,,,,,,,,,,,,,,,,,,,,,,,,,,,,,,,,,,,,,,,,,,,,,
8G5Y,260,289,294,260,283,294,262,281,294,265,283,292,264,287,292,268,285,296,265,286,298,263,285,300,259,290,299,255,295,299,256,298,293,257,301,293,259,304,294,258,303,297,256,299,302,260,295,298,260,296,302,258,292,303,279,311,307,280,308,303,274,309,299,277,311,294,272,308,292,276,305,289,272,306,286,274,297,283,271,295,282,269,299,285,272,297,288,271,302,290,275,301,292,261,328,298,263,321,309,263,321,303,259,322,300,255,319,298,260,323,295,264,316,289,255,311,298,256,305,303,259,307,306,259,309,309,,,,285,330,303,279,291,278,279,293,286,266,296,281,268,293,274,260,296,280,255,291,280,,,,,,,,,,,,,276,325,298,275,321,296,275,318,292,269,327,292,265,304,286,265,291,273,267,283,270,280,291,294,276,282,289,271,281,290,269,271,289,266,272,284,266,267,284,261,268,274,273,274,290,280,274,282,278,267,280,282,266,274,293,266,280,281,276,269,,,,,,,,,,,,,270,277,266,272,283,272,278,280,274,279,284,280
6R84,222,232,217,224,228,214,222,226,210,219,227,210,218,231,214,219,232,208,223,234,210,226,234,210,225,236,216,225,238,222,219,238,224,217,241,225,216,244,224,220,245,225,225,244,222,223,239,218,225,242,218,229,240,217,214,263,208,213,258,207,212,254,213,205,254,213,207,249,216,204,247,212,203,245,216,203,237,212,204,233,213,206,237,216,208,239,211,208,244,214,208,245,210,211,266,233,221,267,224,217,264,227,215,263,231,217,258,234,211,260,231,206,253,227,219,251,230,224,249,225,225,253,222,227,257,222,201,279,212,208,279,210,198,230,206,203,237,205,205,233,218,200,227,217,207,231,224,212,225,225,227,246,212,225,250,210,222,252,206,196,272,225,204,268,218,204,263,218,201,259,218,202,264,227,207,241,221,202,224,220,201,217,214,210,239,201,212,228,202,215,226,204,219,217,202,216,216,207,218,211,204,211,203,212,217,222,200,207,220,196,208,213,195,203,209,193,202,219,193,196,215,201,203,205,202,207,206,203,207,210,210,206,210,215,198,211,210,200,219,209,200,219,203,202,226,202
8EUG,270,279,276,272,275,273,270,272,270,267,274,269,266,278,271,269,279,266,,,,275,280,269,273,283,275,272,286,280,266,286,282,265,290,282,265,293,281,268,293,280,274,291,279,271,286,276,274,289,275,,,,267,309,261,265,305,261,263,302,266,256,303,266,257,297,271,254,295,266,253,294,270,252,286,267,253,282,268,255,286,271,257,287,267,,,,,,,260,316,286,,,,267,313,280,264,312,285,265,307,288,260,310,285,254,302,280,267,300,286,273,297,282,274,300,279,277,304,279,255,326,263,262,326,262,247,279,261,254,285,260,253,282,274,247,277,273,254,280,280,258,275,283,277,292,270,276,296,267,274,298,263,248,322,274,256,316,270,255,312,271,253,308,271,252,314,279,255,291,276,248,274,276,248,266,271,262,286,257,261,275,259,264,273,263,267,263,262,263,264,267,265,257,264,257,252,272,266,267,259,257,266,253,258,259,254,251,256,250,252,266,250,244,263,256,250,254,259,250,255,263,253,258,269,251,259,273,245,260,267,248,268,266,248,267,259,252,274,258
8V87,203,214,192,205,208,191,204,206,188,202,208,185,201,210,188,204,212,183,206,214,186,210,213,187,207,217,193,206,220,198,200,221,199,199,225,199,199,229,197,203,228,197,209,225,197,205,221,193,209,223,193,211,220,194,207,243,178,205,239,178,201,237,183,194,240,182,,,,,,,,,,,,,,,,,,,,,,,,,,,,,,,,,,,,,,,,,,,,,,,,,202,236,202,208,232,199,211,234,196,213,238,196,197,262,178,205,261,178,,,,,,,,,,,,,191,192,209,,,,213,225,188,213,229,185,212,231,181,189,259,188,196,253,186,194,248,186,191,245,186,190,251,195,,,,,,,,,,199,221,174,206,187,168,205,180,170,203,172,172,205,168,172,208,165,172,209,153,174,180,172,157,182,177,164,186,184,167,185,184,162,195,195,159,176,190,164,180,181,173,183,181,178,183,181,183,188,185,181,196,195,181,199,201,177,194,206,174,198,206,170
8RXX,234,167,186,229,166,184,226,168,181,228,171,182,232,171,184,233,171,178,234,167,180,233,164,179,237,164,185,,,,241,168,193,244,170,193,248,171,193,248,168,191,,,,241,166,186,,,,240,160,184,,,,,,,255,176,179,256,183,180,251,181,184,248,184,181,248,185,185,239,186,182,236,185,184,240,182,186,241,181,181,246,180,184,,,,272,174,198,,,,,,,267,170,197,262,169,199,265,175,197,257,179,195,255,167,197,,,,252,163,192,255,162,188,280,185,176,279,178,173,232,192,178,238,186,176,236,183,189,231,190,190,234,181,195,229,177,198,,,,,,,,,,,,,271,182,183,266,183,184,262,185,185,269,184,193,,,,,,,,,,,,,,,,,,,,,,,,,,,,269,199,219,,,,,,,,,,,,,,,,,,,,,,,,,,,,,,,,,,,,,,,,,,
6R86,222,236,220,223,231,218,222,229,215,219,231,214,218,234,217,220,236,211,222,237,214,226,236,214,225,239,220,225,241,225,220,241,228,218,245,229,217,248,228,221,249,228,227,247,225,223,242,222,226,245,221,229,242,221,217,266,211,215,262,210,213,258,217,207,259,216,209,253,220,206,252,216,205,250,219,204,242,215,205,238,216,207,243,219,209,244,215,210,248,218,210,249,214,214,271,236,224,271,228,220,267,230,218,266,235,219,261,237,213,264,235,208,258,231,220,255,234,226,252,229,227,256,226,229,260,226,205,283,216,213,283,214,198,236,209,205,242,208,205,238,222,200,233,221,208,235,228,211,229,229,228,249,216,227,253,214,224,255,210,201,278,228,207,272,222,207,268,222,204,264,222,205,269,231,208,246,225,201,229,223,200,222,218,212,243,205,212,232,205,215,230,208,218,221,206,215,219,210,216,214,208,209,207,216,216,225,204,207,224,200,206,218,199,201,214,196,202,224,197,195,221,204,201,210,205,205,211,207,206,214,214,204,214,218,197,216,213,200,225,213,198,225,207,202,231,205
8PV1,275,263,268,270,261,266,267,260,263,269,263,260,270,267,256,275,264,259,276,262,261,275,258,262,278,260,268,281,260,273,281,266,275,284,268,275,288,269,275,288,265,274,286,259,272,282,262,269,285,259,269,282,256,269,304,269,255,300,271,255,297,271,260,297,279,260,293,276,264,289,280,261,287,281,265,279,281,262,276,279,263,280,278,266,281,276,262,286,276,264,287,276,259,310,276,281,311,266,273,307,269,275,306,272,280,302,269,283,304,276,280,,,,295,267,280,292,261,275,296,260,273,300,258,272,320,283,258,320,276,257,272,285,256,278,279,255,276,279,268,270,285,268,273,278,275,269,273,277,288,257,263,292,259,260,293,261,256,315,288,270,310,281,265,305,281,266,301,283,266,307,284,275,284,278,271,266,283,270,259,283,266,280,272,251,269,273,260,264,270,254,260,269,256,256,269,256,252,267,256,246,272,266,233,278,247,236,272,245,241,277,245,244,280,241,256,270,241,250,287,248,245,278,253,246,277,257,252,276,263,252,278,267,252,285,262,260,283,261,263,279,255,267,283,255
5JUT,272,165,222,267,163,219,265,165,216,266,169,215,270,169,219,271,168,213,273,165,215,273,162,215,275,162,221,278,162,227,278,168,228,281,171,228,284,170,229,286,167,228,284,162,226,279,165,222,282,162,222,280,159,221,301,173,211,296,175,210,294,176,216,294,183,216,289,180,219,286,184,216,284,184,220,276,184,217,273,182,218,277,181,221,278,179,217,283,179,219,283,179,214,307,177,236,307,167,227,303,170,228,303,172,233,298,170,237,300,177,235,294,182,229,292,168,234,290,163,228,293,162,226,297,161,225,317,186,215,317,179,212,269,189,211,276,184,210,273,182,223,267,188,223,271,180,228,265,175,230,285,160,216,289,163,214,290,165,210,312,191,227,307,183,220,302,183,221,298,185,222,304,185,230,281,180,225,264,186,225,257,186,220,277,177,205,267,176,207,265,172,210,256,168,209,255,171,214,250,170,211,243,175,219,260,170,206,258,180,203,251,181,201,247,184,199,257,184,199,254,191,207,244,184,209,246,179,210,250,180,216,249,181,221,250,189,216,259,187,216,258,188,208,265,185,207
4U4Q,45,3,85,43,0,82,41,0,78,40,4,78,42,6,82,45,7,77,47,5,79,49,2,79,50,2,86,51,3,92,47,7,94,49,10,96,51,13,96,54,11,95,56,5,92,51,6,88,55,5,88,55,1,87,67,28,83,62,27,81,57,24,86,54,30,88,50,24,90,47,27,86,45,26,89,39,22,83,37,19,84,41,19,88,43,20,84,47,21,87,48,23,83,65,29,109,72,23,100,67,23,102,64,23,106,61,18,107,60,26,107,52,26,101,57,13,103,59,9,97,63,11,95,67,11,95,72,46,92,76,40,90,31,24,76,40,23,76,36,17,89,28,19,87,34,13,93,32,6,94,60,7,83,62,11,82,63,15,79,62,45,104,64,37,96,60,34,95,56,34,94,59,36,104,44,20,93,26,16,89,21,13,82,46,19,72,38,12,70,37,7,74,33,0,68,29,1,73,26,-2,69,18,-1,76,36,4,67,29,12,64,23,8,61,18,11,59,26,16,61,18,19,68,14,7,67,17,4,68,19,5,76,18,5,80,15,13,77,22,16,78,23,18,71,31,19,71
7UG6,213,205,216,208,203,213,206,204,210,208,207,208,210,208,212,214,207,207,214,204,209,214,201,210,216,202,216,218,201,222,217,207,225,221,208,226,224,209,226,225,205,225,223,200,222,219,204,218,222,201,218,219,198,217,244,210,210,240,213,209,237,212,213,237,219,215,232,216,215,229,221,214,227,221,218,220,223,213,216,222,214,220,219,217,220,219,213,226,216,216,227,217,212,246,213,236,248,203,228,242,207,230,242,209,234,236,207,236,240,214,235,234,219,229,230,206,232,228,201,226,232,200,224,236,198,224,260,222,217,260,215,215,214,229,206,220,222,208,215,221,219,210,227,218,211,219,224,206,215,225,226,199,213,230,201,211,233,203,208,254,227,230,249,219,222,244,220,222,241,223,221,245,222,231,223,218,223,206,226,220,200,227,214,222,216,202,211,218,198,206,217,201,201,214,201,197,214,201,192,214,200,187,214,209,177,225,185,182,223,188,187,225,192,191,227,189,200,224,191,195,234,196,191,222,199,192,224,203,193,221,208,192,222,214,194,230,209,202,228,210,205,226,205,210,226,203
6QZP,224,281,264,228,283,263,231,282,260,231,278,261,227,277,263,226,276,258,224,279,258,224,282,257,220,283,262,216,284,267,217,280,272,215,277,271,211,276,272,210,278,269,211,283,265,217,280,264,214,282,262,216,285,260,199,263,254,204,262,255,205,265,261,207,258,264,210,263,267,214,260,265,215,260,270,224,261,268,226,264,268,221,266,270,221,265,265,215,266,266,216,263,262,189,268,278,188,273,266,192,271,270,193,272,275,196,276,277,195,268,277,205,265,277,203,279,274,205,282,268,202,280,264,198,281,263,186,248,261,,,,233,256,265,226,259,261,225,267,273,232,263,276,226,272,278,230,278,278,212,280,255,209,276,254,208,272,251,188,251,275,193,256,267,197,257,268,201,257,269,194,258,277,216,267,274,235,266,278,242,266,274,223,263,254,,,,233,281,255,,,,,,,,,,253,278,269,,,,244,264,255,250,266,255,256,262,256,246,259,254,250,257,264,250,272,269,,,,,,,,,,250,264,273,242,263,270,244,260,264,237,260,261
4U4R,45,3,85,42,0,82,41,0,78,40,4,78,42,6,82,45,7,77,47,4,79,49,1,79,50,2,86,51,3,92,47,7,94,48,10,96,51,13,96,54,11,95,56,5,92,51,6,88,55,5,88,54,1,86,67,27,83,62,27,81,57,24,86,54,30,88,50,25,90,47,27,85,45,26,89,39,22,83,37,19,84,41,19,88,42,20,84,47,21,87,48,23,83,65,29,109,72,23,100,67,23,102,64,23,107,61,18,108,60,26,107,52,26,102,57,13,103,59,9,97,63,11,95,67,11,95,71,46,93,76,40,90,31,24,76,40,23,76,36,17,89,28,19,87,34,13,94,32,6,94,59,7,83,62,11,82,63,15,79,62,45,104,64,37,96,60,34,95,55,34,94,59,35,104,43,20,93,26,15,89,21,13,82,46,19,72,38,13,71,37,7,74,33,0,69,27,1,71,26,-1,69,18,-1,76,35,5,67,28,12,64,22,9,61,17,11,59,26,17,61,18,19,68,14,7,67,17,4,68,19,4,76,17,5,81,14,12,77,22,16,78,23,18,71,31,19,72
8IPD,283,277,281,278,274,280,277,274,277,278,277,275,280,280,270,284,278,271,284,275,274,284,272,275,287,273,281,290,274,287,290,281,289,293,283,288,296,283,289,297,280,287,295,273,286,290,276,283,294,274,282,291,270,282,313,284,269,308,286,268,305,287,274,305,294,274,301,291,277,298,295,274,296,296,279,288,296,275,285,294,276,289,292,279,290,292,274,295,290,277,296,291,272,320,291,294,320,280,287,316,283,289,315,286,293,311,284,296,313,291,293,305,295,289,304,281,294,301,275,289,305,275,286,309,273,286,328,298,271,,,,280,299,269,286,294,267,284,294,282,278,299,281,282,292,288,277,288,291,297,271,276,301,273,273,302,275,270,324,303,283,320,296,279,314,295,279,310,298,279,317,299,288,293,293,285,274,298,284,267,298,279,289,287,264,,,,,,,,,,,,,,,,255,286,278,239,290,254,248,292,260,253,290,258,255,294,254,263,292,256,258,302,260,,,,261,290,269,260,290,276,260,293,280,260,299,274,269,298,274,271,294,268,276,296,268
6IP6,292,352,313,291,348,315,291,345,317,295,347,319,296,350,316,294,352,321,291,353,319,287,353,320,288,356,313,289,358,308,294,359,306,295,362,306,297,365,307,294,366,307,287,364,309,291,360,313,288,362,314,285,359,314,299,382,326,301,378,326,301,374,319,308,375,319,306,370,314,309,367,318,311,366,315,312,358,317,309,355,316,307,360,314,306,359,318,305,364,316,305,365,320,301,389,301,292,388,310,295,385,307,297,384,302,295,380,299,302,383,302,306,375,306,294,373,301,288,370,307,288,374,310,286,377,311,312,398,323,305,398,326,317,350,322,311,356,325,308,354,311,314,349,310,306,352,304,302,347,303,286,365,320,288,369,323,291,370,326,315,394,310,309,389,316,308,385,315,311,381,314,310,387,305,306,363,308,313,345,308,314,338,312,303,358,329,303,347,327,299,345,323,296,336,325,298,335,318,297,329,322,303,324,313,298,339,329,308,337,331,308,331,331,313,326,332,313,337,334,320,333,325,313,324,323,309,325,322,308,330,316,309,330,311,317,331,315,315,339,317,316,339,323,312,345,326
8FL0,,,,,,,,,,,,,,,,,,,,,,,,,,,,,,,,,,,,,,,,,,,,,,,,,,,,,,,,,,,,,,,,,,,,,,,,,,,,,,,,,,,,,,,,,,,,,,,,,,,,,,,,,,,,,,,,,,,,,,,,,,,,,,,,,,,,,,,,,,,,,,,,,,,,,,,,,,,,,,,,,,,,,,,,,,,,,,,,,,,,,,,,,,,,,,,,,,,,,,,254,264,265,256,272,257,264,282,282,261,276,277,254,273,277,251,274,281,248,269,297,244,281,276,249,272,269,248,271,266,248,273,260,247,275,255,,,,,,,,,,,,
4D67,37,-22,1,33,-24,-1,30,-23,-4,31,-19,-3,35,-17,-1,36,-19,-7,38,-22,-5,38,-25,-6,40,-25,0,44,-26,5,44,-21,8,47,-19,9,51,-18,8,51,-20,6,51,-25,2,44,-23,1,48,-25,0,45,-28,-1,66,-11,-11,62,-9,-10,59,-10,-3,58,-3,-2,53,-6,1,51,-2,-1,50,-2,2,41,-2,0,37,-4,1,42,-7,2,42,-6,-1,48,-8,0,48,-6,-4,75,-11,13,75,-19,3,71,-17,5,70,-16,11,66,-17,14,68,-11,13,58,-7,9,59,-21,12,57,-25,6,60,-25,2,64,-26,1,81,3,-4,82,-4,-8,32,2,-3,39,-1,-7,38,-6,6,31,-1,8,36,-10,11,31,-15,13,50,-25,-6,54,-22,-8,55,-19,-11,77,4,7,72,-3,1,68,-2,1,63,-1,2,70,-2,10,47,-8,7,28,-4,10,21,-3,5,41,-7,-12,32,-11,-10,29,-14,-6,21,-19,-9,16,-16,-5,13,-18,-7,9,-16,2,24,-15,-13,19,-7,-13,12,-5,-12,8,-2,-14,19,0,-15,16,4,-5,7,-4,-5,9,-9,-5,13,-9,1,14,-9,6,14,0,3,22,-1,1,20,0,-5,28,-2,-7
5I4L,44,4,85,42,0,81,40,0,78,40,4,78,42,6,82,44,7,76,46,5,79,48,2,79,49,3,86,50,3,92,46,7,94,48,10,96,50,13,96,53,11,95,55,5,92,50,6,88,54,6,88,54,2,86,66,28,83,61,27,81,56,24,86,53,30,87,50,25,90,47,27,85,44,26,89,38,22,83,36,19,84,40,19,88,42,20,84,46,21,87,48,23,83,64,29,109,71,23,100,66,23,102,63,23,106,60,18,107,59,26,107,52,26,102,56,14,103,58,9,97,62,11,95,66,12,95,71,46,92,76,41,90,31,24,76,39,23,76,35,18,88,28,19,87,34,13,93,31,7,94,59,7,83,61,11,82,62,15,79,61,45,104,63,37,96,59,35,95,55,35,94,58,36,104,43,20,93,25,16,88,20,13,82,46,19,72,37,13,71,37,7,73,32,0,68,28,0,72,26,-2,69,17,-1,76,35,5,67,28,12,64,22,9,61,17,11,59,26,17,61,18,19,68,13,7,66,16,4,68,18,5,76,17,5,80,14,13,76,22,16,78,23,18,71,30,19,71
8BTR,261,172,182,256,169,179,,,,255,174,176,258,175,179,260,174,173,261,171,175,261,167,175,264,168,181,,,,267,173,184,,,,,,,,,,,,,267,171,182,,,,268,165,181,,,,,,,284,182,175,282,189,177,277,186,181,275,189,177,,,,265,190,178,262,189,179,266,186,182,266,186,177,272,185,180,,,,,,,,,,,,,291,177,196,286,176,198,289,182,196,281,185,193,280,174,194,278,169,189,281,168,186,,,,,,,,,,258,195,172,,,,,,,255,193,184,259,185,190,253,181,192,,,,277,168,173,279,171,170,,,,,,,,,,287,192,183,293,191,192,270,186,187,,,,245,192,181,,,,255,181,168,253,178,170,244,175,169,243,177,174,237,175,171,232,181,179,248,176,166,246,186,163,239,185,162,235,191,160,245,191,160,242,198,168,232,190,170,234,186,170,237,186,177,237,187,182,238,195,178,247,193,177,246,194,170,253,191,169
3JAI,313,262,294,309,261,291,308,261,287,309,265,287,312,266,291,314,264,286,315,261,288,315,257,288,316,258,295,317,258,301,317,263,303,319,266,304,323,266,305,324,263,304,322,257,302,319,260,297,322,258,297,319,255,297,345,267,292,341,269,290,336,270,295,337,277,295,330,276,298,329,279,293,327,280,297,320,280,291,316,279,291,319,277,295,322,275,291,325,275,295,327,275,291,343,271,318,345,261,310,341,265,311,339,266,316,334,265,316,337,271,315,331,276,309,328,263,312,327,258,306,331,257,305,334,255,305,359,279,300,359,272,297,315,286,284,321,280,284,315,279,297,309,285,295,311,277,302,304,273,302,326,255,293,331,257,291,334,260,288,352,283,311,348,277,304,344,277,303,340,279,302,343,279,312,322,276,301,306,283,296,300,284,289,324,272,281,313,272,279,310,269,282,301,266,277,299,269,281,294,268,278,288,274,284,306,267,276,306,277,272,300,277,270,297,283,267,306,282,269,302,289,275,291,283,274,292,279,276,294,279,284,293,280,288,295,288,284,304,285,286,305,286,278,312,282,279
3JAH,313,262,294,309,261,291,308,261,287,310,265,287,312,266,291,314,264,286,316,261,288,315,257,288,316,258,295,317,258,301,317,263,303,319,265,304,323,266,305,324,263,304,322,257,302,319,261,297,321,258,297,319,254,296,345,267,292,341,269,290,336,270,295,337,277,295,331,276,298,330,279,293,327,280,297,320,280,291,317,279,291,320,277,295,322,276,291,326,274,295,328,275,291,343,271,318,345,261,310,342,265,311,339,266,316,334,265,316,338,272,315,331,276,309,328,263,312,327,258,306,331,257,305,335,255,305,359,279,300,359,272,297,316,286,284,322,280,284,315,279,297,310,284,294,311,277,302,305,273,302,326,255,293,331,257,291,334,259,288,352,283,311,349,277,304,344,277,303,340,279,302,343,279,312,322,276,301,306,283,296,300,284,289,324,272,281,313,272,279,310,269,282,301,266,277,299,269,281,294,268,278,288,274,284,306,267,276,306,277,272,300,277,270,297,283,267,307,282,269,302,289,275,291,283,274,292,279,276,293,279,284,293,280,288,295,287,284,303,285,285,305,286,278,312,282,279
8RJD,309,265,293,305,262,290,304,263,286,305,267,285,308,268,290,311,267,284,312,264,287,312,260,287,312,262,294,314,262,300,312,268,302,315,270,302,318,272,303,320,268,303,319,261,301,315,265,296,319,262,296,316,259,295,341,272,290,336,274,286,331,275,293,332,283,292,325,280,295,325,283,289,322,284,293,315,284,287,311,282,288,314,281,292,316,279,288,321,279,293,322,279,288,339,280,315,341,268,307,338,273,309,335,275,314,330,272,315,333,279,312,328,283,305,324,270,310,324,264,305,328,263,303,332,261,304,354,286,296,354,279,294,309,287,280,316,282,281,309,282,293,304,287,290,305,280,298,300,276,299,323,259,292,328,261,290,331,264,287,346,292,306,343,284,300,339,284,299,335,286,298,337,287,308,317,281,298,300,286,292,295,285,285,319,275,278,308,273,277,306,270,279,297,266,276,294,269,279,290,267,276,283,273,282,302,267,274,300,277,269,294,276,267,291,281,263,301,281,265,295,289,270,285,281,270,286,277,273,288,278,280,287,280,285,289,287,280,297,286,281,299,286,275,306,283,276
5XXB,251,176,210,246,174,206,243,175,204,245,179,204,249,180,207,250,178,201,251,175,203,,,,254,172,209,257,172,214,257,178,217,260,179,218,,,,264,176,216,262,171,213,258,175,211,261,172,210,,,,281,182,198,276,183,198,273,186,205,273,192,205,268,189,209,266,193,205,264,193,209,256,194,206,253,193,207,257,191,210,257,189,205,263,188,208,264,189,203,287,184,224,285,174,215,283,179,217,282,180,222,277,179,225,280,185,223,270,190,218,271,176,222,268,172,217,272,171,214,275,169,213,298,194,204,297,187,201,249,200,200,255,194,198,252,193,212,247,199,212,250,190,218,245,185,220,263,170,203,267,172,201,270,174,198,293,198,216,287,191,210,283,192,210,279,194,210,284,193,219,261,190,215,244,197,215,236,198,210,257,187,194,246,187,196,244,183,198,234,180,197,234,183,202,228,182,199,223,187,208,239,182,194,237,192,191,230,192,191,226,197,189,236,197,188,233,204,196,223,197,197,224,192,199,228,192,206,229,193,211,230,201,206,237,199,205,238,200,198,245,196,197
5ON6,185,-2,167,189,0,169,192,0,170,192,-4,171,188,-5,169,193,-6,166,190,-4,164,191,-1,163,184,-1,162,178,-1,162,175,-4,166,173,-7,164,172,-10,162,173,-8,159,177,-2,157,181,-4,161,181,-3,157,183,0,157,182,-25,144,184,-25,148,181,-22,154,179,-28,157,178,-22,161,182,-25,164,178,-24,166,185,-22,172,185,-19,174,181,-18,171,185,-19,169,181,-19,164,185,-21,163,98,-29,81,87,-22,87,90,-22,82,95,-23,80,96,-18,77,96,-25,76,92,-25,67,92,-13,73,86,-9,74,84,-10,77,83,-11,81,80,-45,85,76,-40,89,70,-24,43,69,-23,51,82,-17,49,82,-19,41,87,-13,48,88,-6,46,73,-6,72,71,-11,74,68,-15,74,93,-45,77,84,-36,78,84,-34,74,84,-34,69,94,-35,74,85,-19,58,83,-15,39,77,-13,33,64,-19,57,64,-12,48,66,-7,49,62,0,43,68,-1,40,64,2,37,72,2,29,61,-4,45,58,-11,38,57,-6,34,56,-10,27,56,-16,35,64,-18,28,64,-6,24,65,-3,27,72,-4,30,77,-5,30,73,-12,26,74,-15,34,67,-17,34,66,-19,42
8IFE,209,257,242,214,260,240,217,258,237,217,254,239,212,254,240,212,252,235,210,255,235,209,259,234,205,259,239,201,260,244,202,256,249,200,253,248,197,252,249,195,254,246,197,260,242,202,257,241,199,258,239,201,261,238,185,238,231,190,238,232,192,240,238,193,234,241,197,239,245,201,236,243,201,236,247,210,237,245,212,240,246,207,242,247,207,241,243,201,241,244,202,239,240,174,243,255,174,248,243,178,247,246,178,247,252,181,251,254,181,244,254,190,241,254,188,254,251,190,258,245,187,256,241,184,257,240,173,224,238,172,229,232,219,233,243,212,236,238,211,243,250,218,240,253,212,248,255,215,254,256,197,256,232,194,253,231,194,248,228,175,226,251,179,232,244,183,233,245,187,232,246,180,234,254,202,243,251,221,243,255,228,243,252,210,240,231,219,244,234,220,249,235,228,254,233,228,254,240,234,256,237,239,255,247,225,251,231,231,241,232,236,243,233,242,239,234,233,236,232,236,234,242,243,244,242,241,247,241,235,249,247,234,249,252,236,241,250,228,240,248,230,236,242,223,237,238
5XY3,252,184,215,248,182,212,246,183,209,247,187,208,250,187,212,252,186,206,,,,253,180,208,256,181,215,258,181,220,258,186,223,,,,264,190,222,,,,264,181,220,259,184,216,262,181,216,260,178,215,,,,,,,279,201,209,273,204,210,269,199,212,,,,,,,256,203,210,253,201,211,258,200,214,259,198,209,,,,,,,285,198,231,,,,,,,280,193,232,,,,,,,270,202,224,271,188,228,269,182,223,273,182,220,277,181,220,299,210,211,,,,249,208,204,256,203,202,252,201,216,245,206,216,249,198,222,244,194,224,266,179,210,,,,,,,,,,286,204,216,281,205,216,277,207,216,282,207,226,260,200,220,242,204,218,235,204,212,,,,247,194,200,245,190,203,237,186,200,235,189,206,230,187,202,223,192,210,241,188,198,238,197,193,232,197,193,227,201,190,238,202,191,233,209,198,223,201,199,225,197,201,228,198,208,228,199,213,228,206,208,237,205,208,237,206,201,245,203,200
5DGV,45,3,85,43,0,82,41,0,78,40,4,78,43,6,82,45,7,77,47,4,79,49,1,79,50,2,86,51,3,92,47,7,94,49,10,96,51,13,96,55,11,95,56,4,92,51,5,88,55,5,88,55,1,86,67,27,83,63,26,81,57,24,86,55,30,87,50,24,90,48,26,85,45,25,89,39,22,83,37,19,84,41,19,88,43,19,84,48,21,87,49,23,83,65,29,109,72,22,100,67,22,102,65,23,107,62,18,107,61,25,106,53,26,102,58,13,103,60,9,97,64,11,95,68,11,95,72,46,92,77,40,90,31,24,76,40,23,76,36,17,89,29,19,87,35,13,93,32,6,94,60,7,83,62,11,82,63,15,79,62,45,104,64,37,96,60,34,95,56,34,94,59,35,104,44,20,93,26,15,89,21,13,82,47,19,72,38,12,71,,,,33,0,68,30,1,73,27,-2,69,18,-2,76,36,4,67,29,12,64,24,8,62,19,11,59,26,16,61,18,19,68,14,6,67,17,4,68,19,4,76,18,5,80,15,12,77,23,16,78,23,18,71,31,19,71
6GQB,208,152,211,210,157,214,208,160,215,204,159,214,205,155,212,203,154,218,206,152,218,209,152,219,210,148,214,212,145,209,209,144,203,206,142,204,204,139,204,207,137,206,211,139,211,208,145,212,210,142,214,213,144,215,191,126,222,190,130,221,193,133,215,187,133,211,191,138,208,188,141,210,189,142,206,189,150,208,191,153,207,193,149,206,192,149,211,193,143,209,191,143,213,197,116,198,203,116,211,201,120,207,202,120,202,206,124,199,199,122,198,194,130,200,207,131,201,211,133,208,209,130,211,210,126,213,177,110,214,183,110,219,183,159,210,186,153,214,194,152,202,190,159,200,199,153,198,205,158,198,208,140,221,204,136,222,200,136,224,180,114,200,186,119,208,186,123,208,185,128,206,188,120,199,195,144,203,193,162,198,192,170,201,190,151,221,194,161,219,199,162,217,203,170,220,203,171,213,204,177,216,204,182,205,200,167,222,190,171,220,192,178,221,187,183,219,184,173,221,183,176,210,192,184,211,197,181,213,197,177,206,198,177,201,189,177,202,189,168,205,185,171,211,186,164,214
8CG8,296,301,246,295,295,245,293,293,244,290,295,243,291,300,245,291,299,239,295,299,240,298,298,239,300,302,244,302,306,248,297,309,252,297,313,251,297,316,249,300,315,248,304,310,245,299,306,245,302,308,243,304,304,242,295,326,227,292,322,229,292,322,234,285,325,237,287,320,242,282,318,239,282,318,244,279,310,243,279,307,246,283,311,247,283,310,242,286,315,242,285,314,238,300,340,248,307,333,239,303,332,243,302,334,248,303,330,252,297,334,250,291,328,249,302,322,251,305,317,246,306,319,242,309,322,240,288,346,227,294,343,224,270,304,242,277,307,237,281,308,251,275,305,253,284,307,256,288,301,259,303,309,236,301,312,233,299,314,229,286,348,242,290,338,237,289,334,238,285,331,240,290,340,246,286,315,250,276,302,256,272,295,254,283,305,231,281,296,237,285,294,239,285,284,240,283,286,246,282,279,245,277,278,256,283,287,237,273,288,236,272,282,238,265,280,239,268,288,235,262,290,244,267,279,248,271,279,248,274,285,252,274,287,257,266,289,254,270,296,250,268,293,243,272,298,239
6GQV,207,153,211,209,158,214,207,161,215,203,160,214,203,156,212,202,156,218,205,154,217,208,153,219,210,149,213,211,146,209,208,146,204,206,144,203,203,141,204,206,138,206,210,140,211,207,146,212,208,142,214,212,145,215,190,127,221,189,132,220,189,135,216,186,135,211,190,139,208,187,142,209,188,143,205,188,152,208,191,155,207,192,149,206,191,150,211,192,144,209,190,144,213,196,117,197,201,116,210,200,121,207,201,121,201,204,125,199,197,124,198,192,133,199,206,131,201,210,134,208,208,131,212,208,127,213,176,112,213,182,111,219,182,161,209,185,154,214,193,154,202,189,160,199,198,154,198,204,159,197,207,141,220,203,137,222,199,137,224,179,115,200,184,120,208,185,125,207,184,129,205,187,121,198,195,145,202,193,163,197,191,171,200,189,152,220,193,162,218,198,163,217,202,172,219,202,172,213,203,178,216,203,184,205,199,168,221,189,172,220,191,179,219,186,185,218,183,174,220,182,178,210,192,186,210,196,184,211,197,179,206,198,178,201,189,178,202,188,170,204,185,172,210,185,165,213
6Z6N,187,246,229,192,248,227,195,247,224,195,243,225,191,243,228,190,241,222,188,244,222,188,247,221,184,248,226,180,250,231,181,246,236,179,242,236,175,242,236,174,243,233,175,248,229,181,246,228,177,247,226,179,250,224,163,227,218,168,226,219,170,229,226,171,223,229,175,228,232,179,225,230,179,226,234,188,226,233,190,229,233,185,231,234,185,230,230,180,230,231,180,228,227,153,232,243,153,237,230,156,236,234,156,237,239,160,240,241,159,233,242,169,230,241,167,244,239,169,247,232,166,245,229,162,246,227,150,213,226,150,218,220,197,222,230,190,225,225,189,232,238,196,229,240,190,237,242,194,243,243,175,245,219,173,241,218,172,237,216,153,215,239,157,221,232,161,222,232,165,221,234,158,223,242,180,232,238,199,232,242,206,231,239,187,228,218,197,233,221,198,238,222,207,243,220,207,242,226,213,244,223,217,244,234,203,239,218,208,230,219,215,232,219,220,227,221,211,224,219,214,222,229,221,232,229,219,236,228,213,237,234,213,238,238,214,229,237,206,228,235,208,225,229,201,225,226
6OM7,278,239,291,277,245,291,275,244,288,272,242,289,273,238,289,269,239,293,272,239,294,274,241,297,279,238,296,284,235,296,285,232,290,285,228,290,284,225,291,285,225,295,285,231,299,280,233,295,281,232,299,281,236,301,268,211,305,266,214,301,272,215,297,270,212,291,274,217,288,269,218,287,272,218,284,268,226,281,269,229,280,273,226,282,270,227,285,272,222,288,268,222,289,291,201,296,286,207,306,286,208,301,291,207,298,293,212,296,289,207,293,282,212,287,291,219,295,288,224,300,285,222,304,286,220,307,269,190,300,268,195,307,260,230,274,261,228,283,275,229,278,272,232,271,281,232,277,284,239,277,276,231,304,273,227,306,269,224,305,278,191,291,274,199,296,275,203,294,274,205,290,283,200,290,278,223,283,275,235,270,269,241,267,260,230,291,261,240,286,265,243,287,264,253,285,268,251,280,265,258,280,270,258,270,261,248,287,254,246,279,253,252,277,249,253,270,249,244,276,254,243,266,258,254,266,260,255,270,267,251,269,271,250,267,264,246,263,265,240,269,258,241,271,258,236,277
6OLE,248,207,259,246,213,259,244,212,256,242,211,257,244,207,257,239,207,261,242,207,262,244,210,265,249,206,264,254,203,264,255,200,258,255,196,258,254,193,260,255,194,263,255,199,267,250,201,263,251,200,267,251,205,269,238,179,274,236,182,270,242,184,265,239,180,260,244,184,257,239,185,255,242,186,252,238,193,249,239,197,248,243,194,251,239,194,253,242,190,256,238,190,258,261,169,266,256,176,275,256,177,270,261,176,267,263,180,265,259,175,262,252,180,255,261,187,263,258,193,268,256,190,272,256,188,275,238,159,270,238,164,276,230,197,243,231,195,251,244,197,246,242,199,239,251,199,245,253,206,245,246,200,273,243,195,274,239,193,274,248,159,261,245,167,265,244,171,263,244,173,259,253,167,259,248,190,251,244,202,237,239,208,235,230,198,259,231,207,254,234,210,255,233,220,253,237,219,248,234,225,247,240,225,237,231,216,255,224,213,247,223,219,244,219,220,238,219,211,244,224,210,234,227,222,234,230,222,237,237,218,237,240,217,234,233,213,230,234,207,237,228,208,238,228,204,245
4V8Z,46,-28,0,41,-29,-3,39,-28,-6,41,-24,-6,44,-24,-3,46,-25,-9,46,-28,-7,46,-31,-7,49,-32,-1,52,-32,3,52,-27,7,55,-25,7,59,-25,7,59,-28,5,56,-34,3,53,-30,0,55,-32,0,52,-35,-1,76,-22,-10,72,-20,-11,70,-20,-5,70,-12,-3,64,-15,0,62,-11,-3,61,-11,0,52,-9,-2,49,-10,-1,53,-13,0,54,-13,-3,58,-15,-1,59,-14,-5,82,-22,14,84,-31,6,78,-27,8,78,-26,13,73,-28,14,76,-21,13,70,-16,10,65,-29,11,62,-34,5,66,-34,2,69,-36,2,93,-11,-5,93,-18,-8,45,-2,-8,51,-9,-10,48,-12,3,43,-6,3,45,-14,8,40,-19,10,58,-34,-7,62,-32,-9,64,-29,-12,89,-7,8,83,-14,1,78,-13,1,74,-11,2,80,-13,10,57,-15,5,39,-7,5,32,-6,0,53,-15,-15,42,-16,-13,41,-20,-8,30,-22,-13,27,-19,-9,23,-20,-11,19,-15,-2,34,-20,-17,33,-10,-18,26,-8,-18,22,-3,-19,33,-4,-20,30,1,-11,19,-5,-11,20,-10,-10,24,-10,-3,25,-10,1,26,-2,-2,34,-4,-3,34,-2,-10,41,-6,-12
8I9Z,247,218,219,242,221,221,239,222,224,240,218,225,242,217,223,245,217,228,247,219,226,248,223,225,251,221,219,254,220,214,252,214,211,254,211,212,258,211,211,259,214,212,259,220,214,253,218,218,257,220,218,255,224,219,274,205,230,269,204,230,267,204,225,264,197,224,260,200,219,257,197,222,255,197,218,247,200,222,246,203,223,249,204,220,250,204,224,255,203,221,255,200,225,280,200,204,281,210,213,277,206,211,276,205,206,,,,,,,,,,265,212,206,264,218,211,268,217,214,272,218,215,287,189,225,289,196,227,199,203,197,195,202,196,183,204,209,,,,,,,,,,260,221,224,264,218,227,265,215,230,282,187,214,277,194,219,273,195,219,268,193,218,275,192,209,252,201,212,,,,,,,249,206,235,222,219,242,219,223,243,208,227,241,206,230,242,205,235,243,194,240,244,193,203,250,197,203,243,206,204,239,206,203,244,220,206,253,212,197,238,,,,,,,,,,,,,226,215,228,232,215,234,,,,,,
4UG0,115,171,156,120,173,154,122,171,152,120,167,153,117,167,155,117,166,149,115,169,149,115,173,147,111,173,154,107,174,158,108,171,162,106,169,164,103,166,163,101,168,161,101,173,157,108,170,155,105,172,153,106,175,152,89,153,145,95,151,146,97,154,154,97,148,155,101,153,159,105,150,157,106,151,161,114,151,159,117,154,159,113,155,161,112,155,157,106,155,158,107,153,154,79,157,170,79,162,157,84,161,161,84,161,167,87,164,168,87,157,168,96,155,168,94,168,166,96,172,159,92,170,156,89,171,154,77,138,153,77,143,147,124,146,157,117,150,152,116,157,165,123,153,167,117,162,169,121,167,169,102,170,146,99,166,145,99,162,143,79,140,165,84,145,159,88,147,159,92,146,161,85,148,169,107,157,165,125,156,169,133,156,166,114,153,146,124,158,148,124,163,149,134,167,147,134,167,154,140,169,151,144,168,161,130,164,145,135,154,146,142,158,146,147,152,148,138,149,146,141,147,156,148,157,155,146,161,155,140,162,161,140,162,165,141,154,164,133,153,162,135,149,156,128,150,153
6MTB,300,248,282,296,247,278,295,247,275,297,250,275,299,252,278,303,250,274,303,247,276,302,243,275,303,244,283,304,244,289,304,249,291,307,251,292,310,252,292,311,249,292,310,243,289,306,246,285,309,243,285,306,240,284,332,252,280,328,254,278,323,255,284,324,262,284,318,261,286,317,264,281,315,265,285,308,266,279,304,265,279,307,263,283,309,261,280,313,260,283,315,260,279,330,256,307,332,246,298,329,250,299,327,252,304,321,250,304,325,256,303,319,262,296,315,249,300,314,243,294,318,242,292,322,240,293,346,263,289,,,,303,272,272,309,265,272,302,264,284,297,270,282,298,262,289,292,258,290,314,241,280,318,243,279,321,245,276,339,268,299,336,262,293,332,262,291,328,265,290,330,264,301,309,262,289,293,269,284,288,270,277,311,258,268,,,,,,,,,,,,,,,,276,260,271,,,,294,263,259,287,263,257,285,269,254,294,268,257,289,275,263,,,,,,,281,265,271,280,266,275,283,273,271,291,271,273,293,271,266,299,268,267
6P5J,269,210,234,264,207,231,262,208,227,264,211,227,266,213,231,270,211,225,270,209,228,270,205,228,272,206,234,273,207,240,272,213,243,275,215,243,279,216,243,280,213,243,279,207,241,275,210,236,278,207,236,276,204,236,299,218,229,294,220,227,290,220,232,290,228,232,285,226,235,282,228,231,280,229,234,273,228,229,269,227,230,273,225,234,274,224,230,279,224,233,280,223,228,299,224,254,301,214,246,298,217,247,295,219,252,290,217,254,293,224,252,287,227,246,285,214,250,284,209,245,288,208,243,292,206,243,312,233,235,312,226,232,267,233,222,274,227,222,268,226,235,262,232,233,264,224,241,259,220,241,282,205,231,287,207,230,289,210,227,306,237,245,302,230,240,298,229,239,293,231,238,297,232,248,276,225,239,258,230,235,253,230,229,277,220,219,266,218,218,264,215,221,255,211,218,253,214,222,248,212,219,241,218,225,260,213,216,258,222,212,252,221,210,248,226,207,257,227,208,252,234,214,242,226,215,243,222,216,246,223,224,245,225,228,247,232,223,255,230,225,256,231,217,263,228,218
8BHF,239,185,220,235,183,217,233,185,213,236,187,213,238,188,216,241,186,211,241,184,214,240,179,213,242,181,221,243,181,226,243,187,229,246,188,230,250,189,230,251,185,229,248,179,227,245,183,223,248,180,223,245,177,222,271,187,216,267,190,214,262,192,220,264,198,220,258,196,222,257,200,218,255,202,221,247,203,216,244,202,217,247,199,221,249,198,217,253,197,220,254,197,216,271,192,242,272,182,234,269,187,235,267,188,239,262,187,241,265,193,239,259,199,233,255,185,237,254,180,231,258,179,229,261,176,230,287,199,223,286,191,220,242,209,209,248,202,209,242,201,222,237,208,220,238,200,227,231,196,228,252,177,218,257,179,216,260,181,213,280,204,234,276,197,228,272,198,227,268,200,226,271,200,236,249,199,227,233,207,222,227,208,215,250,194,206,239,194,205,236,192,207,227,189,203,225,193,208,220,192,204,214,199,211,232,190,202,232,200,197,226,201,196,223,206,193,232,205,194,228,213,201,217,206,200,217,202,202,220,203,210,219,204,214,222,211,210,230,208,211,232,209,204,238,204,204
7OHP,210,190,210,,,,,,,,,,,,,,,,,,,,,,207,186,208,211,182,212,,,,,,,,,,,,,,,,,,,,,,,,,212,171,183,213,177,185,,,,,,,,,,,,,,,,,,,,,,,,,,,,,,,,,,,,,,,,,,,,,,,,,,,,,,,219,168,207,212,171,207,210,169,202,209,165,200,,,,222,162,174,,,,,,,,,,,,,,,,,,,203,179,200,204,178,195,205,179,191,,,,,,,,,,,,,,,,,,,,,,,,,214,196,190,,,,,,,,,,,,,,,,,,,,,,,,,,,,,,,,,,,,,,,,,,,,,,,,,,,,,,,,,,,,
6AZ3,239,161,202,234,159,200,232,160,197,234,164,196,237,164,198,240,162,193,240,160,196,239,156,196,242,157,202,,,,244,162,210,247,164,211,251,164,210,251,161,210,,,,245,159,204,,,,245,153,203,,,,,,,262,167,199,263,174,199,257,173,202,255,176,197,254,177,201,246,178,197,242,177,198,246,175,201,247,173,197,252,172,200,,,,274,167,220,,,,,,,269,163,218,264,163,220,268,169,218,258,174,214,257,161,217,255,156,212,258,155,209,262,152,209,286,175,200,286,167,197,240,184,191,246,177,190,241,177,203,236,183,202,238,175,210,232,171,211,251,153,198,256,155,196,258,157,193,,,,276,173,205,271,174,204,268,176,204,273,176,214,,,,,,,,,,,,,,,,,,,,,,,,,,,,268,195,236,,,,,,,,,,,,,,,,,,,,,,,,,,,,,,,,,,,,,,,,,,
4U3N,45,3,85,43,0,82,41,0,78,40,4,78,42,6,82,45,7,77,47,5,79,49,2,79,49,2,86,51,3,92,47,7,94,48,10,96,51,12,96,54,10,95,55,5,92,51,5,88,55,5,88,54,1,87,66,27,83,62,27,81,56,24,86,54,30,88,50,24,90,47,27,85,45,25,89,39,22,84,36,19,84,40,19,88,42,19,84,47,21,87,48,23,83,65,29,109,72,22,100,66,22,102,64,23,107,61,18,108,60,26,107,52,26,102,57,13,103,59,9,97,63,11,95,67,11,95,71,46,92,76,40,90,31,24,76,40,23,76,36,17,89,28,19,88,34,13,93,32,6,94,59,7,83,62,11,82,62,15,79,62,45,104,63,37,96,60,34,95,55,34,94,59,35,104,43,20,93,26,15,89,21,13,82,46,19,72,38,12,71,38,7,73,33,0,68,28,0,72,26,-2,69,17,-2,76,35,4,67,29,12,64,23,8,61,17,11,59,26,16,61,18,19,68,14,7,67,17,3,68,19,4,76,17,5,81,14,12,77,22,16,78,23,18,71,31,19,72
7QWR,263,229,212,263,234,215,263,235,219,264,232,221,265,229,218,270,230,218,269,231,215,270,234,213,267,229,208,263,226,204,260,222,207,261,218,206,263,215,205,266,217,204,267,223,201,267,225,208,270,225,205,269,229,204,287,206,210,284,208,214,277,208,212,276,203,216,270,207,215,271,208,221,267,207,220,265,214,226,262,217,225,263,214,221,267,216,222,268,212,217,272,213,220,268,193,195,278,202,193,274,202,196,269,200,194,265,203,195,266,198,199,263,202,208,264,210,198,268,217,198,273,216,197,275,215,195,289,186,209,293,192,206,264,217,236,270,217,230,258,216,222,254,217,229,252,218,219,249,225,218,277,225,205,280,222,207,283,219,209,275,183,208,279,193,207,276,195,209,273,197,213,269,190,205,261,211,215,250,220,228,250,225,235,276,221,226,269,229,229,267,232,226,264,241,230,259,238,229,258,245,232,247,242,234,268,238,230,267,234,240,264,239,243,262,239,250,268,232,245,258,228,248,252,240,246,254,241,242,250,236,236,246,234,235,249,229,242,254,224,237,260,226,242,265,224,237
7QCA,158,214,157,160,210,154,159,207,152,155,206,154,155,210,157,152,210,152,,,,156,214,149,158,219,155,160,223,159,,,,156,224,167,153,225,168,154,227,165,157,227,159,156,221,157,155,224,156,159,223,152,130,233,156,131,228,157,,,,,,,139,222,166,,,,,,,141,209,167,,,,145,212,168,143,211,164,142,217,165,,,,,,,,,,,,,,,,,,,,,,,,,154,234,169,155,233,162,152,236,159,,,,,,,,,,,,,137,206,161,148,208,170,148,200,173,155,209,173,162,207,170,151,226,150,146,228,150,141,227,149,124,241,181,129,238,174,,,,,,,,,,,,,,,,153,190,169,,,,146,200,152,150,202,152,157,194,148,158,194,154,161,189,150,166,184,160,152,196,147,145,188,151,148,183,150,146,176,152,140,185,152,142,181,162,154,176,158,156,180,156,158,186,162,160,187,166,153,182,168,148,190,167,144,187,162,141,195,159
5DAT,45,3,85,43,0,81,41,0,78,40,3,78,42,6,82,45,7,77,47,5,79,49,2,79,50,2,86,51,3,92,47,7,94,49,10,96,51,13,96,54,10,95,56,5,92,51,6,88,55,5,88,55,1,86,67,27,83,62,26,81,57,24,86,54,30,87,50,25,89,47,27,85,45,25,89,39,22,83,37,19,83,41,19,87,43,19,84,47,21,87,48,23,83,65,29,109,72,22,100,67,23,102,64,23,106,61,18,107,60,26,107,52,26,101,57,13,102,59,9,97,63,11,95,67,11,95,72,46,92,76,40,90,31,24,76,40,23,76,36,17,88,28,19,87,34,13,93,32,6,94,60,7,83,62,11,82,63,15,79,62,45,104,64,37,96,60,34,95,55,34,94,59,35,104,44,20,93,26,15,88,21,13,82,46,19,72,38,12,71,38,7,73,33,0,68,29,1,74,26,-2,69,17,-2,76,35,4,67,29,12,64,23,8,62,18,11,59,26,16,61,18,18,68,14,7,67,17,6,69,19,4,76,18,5,80,15,12,76,23,16,78,23,18,71,31,19,71
4U3M,45,4,86,43,0,82,41,1,78,40,4,78,42,6,82,45,7,77,47,5,79,49,2,79,50,3,86,51,3,92,47,7,95,48,10,96,51,13,96,54,11,95,55,5,92,51,6,88,55,6,88,55,2,87,67,28,83,62,27,81,57,24,86,54,31,88,50,25,90,47,27,86,45,26,89,39,23,84,37,20,84,41,19,88,42,20,84,47,21,87,48,23,83,65,29,110,72,23,100,67,23,102,64,23,107,61,19,108,60,26,107,52,27,102,57,14,103,59,9,97,63,11,95,67,12,95,71,46,93,76,41,90,31,25,77,40,24,77,36,18,89,28,19,88,34,14,94,32,7,94,59,7,83,62,12,82,63,15,79,62,45,104,64,37,96,60,35,95,55,35,94,59,36,105,43,20,94,26,16,89,21,13,82,46,20,72,38,13,71,38,8,73,33,0,69,29,1,72,26,-2,69,18,-1,76,36,5,67,29,13,64,23,8,62,18,11,59,26,17,61,18,19,68,14,7,67,17,4,68,19,5,76,17,5,81,14,13,77,22,16,78,23,18,71,31,19,72
