parent_id,landmark,residue,position,x,y,z
3J7Z,uL4-0,R,61,172,223,185
3J7Z,uL22-0,R,88,188,236,192
3J7Z,uL22-1,A,89,189,232,189
3J7Z,uL22-2,G,91,185,233,186
3J7Z,uL22-3,R,92,184,232,190
3J7Z,RNA-0,a,460,172,246,173
3J7Z,RNA-1,g,463,177,234,170
3J7Z,RNA-2,g,468,168,235,172
3J7Z,RNA-3,g,469,166,238,173
3J7Z,RNA-4,a,470,166,244,178
3J7Z,RNA-5,a,471,166,247,181
3J7Z,RNA-6,a,472,164,251,181
3J7Z,RNA-7,g,481,166,275,184
3J7Z,RNA-8,c,509,164,265,189
3J7Z,RNA-9,a,751,187,228,183
3J7Z,RNA-10,a,789,184,226,178
3J7Z,RNA-11,u,790,180,220,176
3J7Z,RNA-12,c,791,179,215,175
3J7Z,RNA-13,g,1259,166,244,193
3J7Z,RNA-14,a,1322,186,258,185
3J7Z,RNA-15,g,1337,191,267,165
3J7Z,RNA-16,a,2059,176,220,197
3J7Z,RNA-17,g,2061,172,211,198
3J7Z,RNA-18,a,2062,175,209,194
3J7Z,RNA-19,c,2063,174,204,197
3J7Z,RNA-20,a,2439,180,200,189
3J7Z,RNA-21,g,2505,184,213,205
3J7Z,RNA-22,u,2506,185,207,206
3J7Z,RNA-23,g,2581,196,210,201
3J7Z,RNA-24,g,2582,197,204,201
3J7Z,RNA-25,g,2583,194,201,201
3J7Z,RNA-26,u,2584,189,200,199
3J7Z,RNA-27,u,2585,189,201,195
3J7Z,RNA-28,a,2587,187,205,185
3J7Z,RNA-29,g,2608,194,206,190
